{"gamma_ks": [10, 20, 30, 40, 50, 60, 70, 80], "vf": [0.4493592381853115, 0.4146441280321924, 0.4145425198984653, 0.41103329288929896, 0.40911788399642796, 0.4245991635600155, 0.40804685765264964, 0.40261902029624536], "compliance": [0.0018491670554197388, 0.0017348190359984972, 0.001650278976186784, 0.0015994703227200386, 0.0015968290012463083, 0.0015671355100747273, 0.0015708748838830918, 0.0015936743856869843], "max_stress": [0.3636510380630294, 0.905907269704229, 0.41569406963511984, 0.523970267534098, 0.4447373914769846, 0.5281800935929722, 0.4508747938642213, 0.6754666509916938], "H_min": [0.0007031387067399919, 0.02916138991713524, 0.0006750081083737314, 0.0006791800842620432, 0.0006955100689083338, 0.0007321036537177861, 0.000705522601492703, 0.0006878814310766757], "H_max": [0.8741834759712219, 0.9368153810501099, 0.9576926827430725, 0.9681313037872314, 0.9743945598602295, 0.9785699844360352, 0.9815524816513062, 0.983789324760437], "filename": ["../src/gamma_ks_test/Brecket_fm_ae_hv/gamma_ks_10.png", "../src/gamma_ks_test/Brecket_fm_ae_hv/gamma_ks_20.png", "../src/gamma_ks_test/Brecket_fm_ae_hv/gamma_ks_30.png", "../src/gamma_ks_test/Brecket_fm_ae_hv/gamma_ks_40.png", "../src/gamma_ks_test/Brecket_fm_ae_hv/gamma_ks_50.png", "../src/gamma_ks_test/Brecket_fm_ae_hv/gamma_ks_60.png", "../src/gamma_ks_test/Brecket_fm_ae_hv/gamma_ks_70.png", "../src/gamma_ks_test/Brecket_fm_ae_hv/gamma_ks_80.png"]}