{"gamma_ks": [10, 20, 30, 40, 50, 60, 70, 80], "vf": [0.30060886675516985, 0.2809330486349026, 0.28871114756192023, 0.271801344078021, 0.2899015243343691, 0.28859843611716696, 0.29801519670038745, 0.2913651532626307], "compliance": [5.000602776609643e-05, 4.760062162815088e-05, 4.365758442092634e-05, 4.611553570068901e-05, 4.172059234925722e-05, 4.165100280158416e-05, 4.007164441448909e-05, 4.0487073424794016e-05], "max_stress": [0.11811913073797087, 0.11064011688984104, 0.11423303243018688, 0.12612641533388297, 0.10388682607572002, 0.10318955644910625, 0.10772883381936257, 0.10684503910459699], "H_min": [0.06997403502464294, 0.03532925993204117, 0.023778555914759636, 0.018002672120928764, 0.014537542127072811, 0.012227258644998074, 0.01057709101587534, 0.009339286014437675], "H_max": [0.9589048027992249, 0.9791760444641113, 0.9859331250190735, 0.9893116354942322, 0.991338849067688, 0.9926902055740356, 0.9936555624008179, 0.994379460811615], "filename": ["../src/gamma_ks_test/Cant_beam_half_fm_ae_hv/gamma_ks_10.png", "../src/gamma_ks_test/Cant_beam_half_fm_ae_hv/gamma_ks_20.png", "../src/gamma_ks_test/Cant_beam_half_fm_ae_hv/gamma_ks_30.png", "../src/gamma_ks_test/Cant_beam_half_fm_ae_hv/gamma_ks_40.png", "../src/gamma_ks_test/Cant_beam_half_fm_ae_hv/gamma_ks_50.png", "../src/gamma_ks_test/Cant_beam_half_fm_ae_hv/gamma_ks_60.png", "../src/gamma_ks_test/Cant_beam_half_fm_ae_hv/gamma_ks_70.png", "../src/gamma_ks_test/Cant_beam_half_fm_ae_hv/gamma_ks_80.png"]}