{"vf": 0.33924242058748383, "compliance": 0.00010675128258251729, "max_stress": 0.34875513644063616}