{"vf": 0.2549096024435477, "compliance": 4.081923670101164e-05, "max_stress": 0.13156059990833943}