{"vf": 0.4375580862763401, "compliance": 0.0016285699204424923, "max_stress": 2.5248262318217622}