{"vf": 0.40964367701706034, "compliance": 23.086428881076472, "max_stress": 133.2750513706447}