{"vf": 0.412117076022124, "compliance": 16.01422363410464, "max_stress": 48.59788829679027}