{"gamma_ks": [10, 20, 30, 40, 50, 60, 70, 80], "vf": [0.4077771007905506, 0.37303522365911285, 0.39911506447234457, 0.3694877875766582, 0.4144863911570723, 0.46382323131683534, 0.37653088589185246, 0.345046328242554], "compliance": [0.00013535148077659868, 0.00013834798354864258, 0.00013179655514178193, 0.00013184194676336869, 0.00011733590653910291, 0.00011724529802192006, 0.0001308071153713854, 0.0001475622204096525], "max_stress": [0.1922918984668922, 0.3888677424525181, 0.2789590862779306, 0.17087002574823792, 0.21133481153607953, 0.225014768211477, 0.24251118821909604, 0.6850163255947997], "H_min": [0.0006831135251559317, 0.000699562777299434, 0.0006750081083737314, 0.0006806104211136699, 0.014536826871335506, 0.012226425111293793, 0.0007021850906312466, 0.0006808487814851105], "H_max": [0.9301394820213318, 0.9647933840751648, 0.9763447046279907, 0.9821203351020813, 0.9855857491493225, 0.9878959655761719, 0.9895461797714233, 0.9907838106155396], "filename": ["../src/gamma_ks_test/Cant_beam_distrL_fm_ae_hv/gamma_ks_10.png", "../src/gamma_ks_test/Cant_beam_distrL_fm_ae_hv/gamma_ks_20.png", "../src/gamma_ks_test/Cant_beam_distrL_fm_ae_hv/gamma_ks_30.png", "../src/gamma_ks_test/Cant_beam_distrL_fm_ae_hv/gamma_ks_40.png", "../src/gamma_ks_test/Cant_beam_distrL_fm_ae_hv/gamma_ks_50.png", "../src/gamma_ks_test/Cant_beam_distrL_fm_ae_hv/gamma_ks_60.png", "../src/gamma_ks_test/Cant_beam_distrL_fm_ae_hv/gamma_ks_70.png", "../src/gamma_ks_test/Cant_beam_distrL_fm_ae_hv/gamma_ks_80.png"]}