{"gamma_ks": [10, 20, 30, 40, 50, 60, 70, 80], "vf": [0.45438370289619995, 0.47082270588859815, 0.4874275620336387, 0.4373773055361144, 0.5097412509544559, 0.46006137861311536, 0.45124104849316043, 0.46505154017525013], "compliance": [0.001823639399997141, 0.001686370155787121, 0.0015103970821229652, 0.0016311677212807372, 0.0014076966819040145, 0.0015481230900573342, 0.001561201245256615, 0.0015257129092470358], "max_stress": [0.7498402138591213, 0.5517897370440779, 0.5191892396666681, 0.5219407003118375, 0.5052888977754127, 0.5930739317387836, 0.5222293943536375, 0.49712761595364585], "H_min": [0.06996884942054749, 0.035328902304172516, 0.02377748303115368, 0.01800207607448101, 0.014537065289914608, 0.012226425111293793, 0.010576137341558933, 0.009338391944766045], "H_max": [0.9301394820213318, 0.9647933840751648, 0.9763447046279907, 0.9821203351020813, 0.9855857491493225, 0.9878959655761719, 0.9895461797714233, 0.9907838106155396], "filename": ["../src/gamma_ks_test/MBB_beam_half/gamma_ks_10.png", "../src/gamma_ks_test/MBB_beam_half/gamma_ks_20.png", "../src/gamma_ks_test/MBB_beam_half/gamma_ks_30.png", "../src/gamma_ks_test/MBB_beam_half/gamma_ks_40.png", "../src/gamma_ks_test/MBB_beam_half/gamma_ks_50.png", "../src/gamma_ks_test/MBB_beam_half/gamma_ks_60.png", "../src/gamma_ks_test/MBB_beam_half/gamma_ks_70.png", "../src/gamma_ks_test/MBB_beam_half/gamma_ks_80.png"]}