{"vf": 0.35999363651564165, "compliance": 0.001415631533276394, "max_stress": 0.4097860529354467}