{"vf": 0.3400521718812619, "compliance": 0.00010438926891161707, "max_stress": 0.1939302781237149}