{"vf": 0.25402134618943095, "compliance": 3.7806510047082284e-05, "max_stress": 0.10064336990589302}