{"vf": 0.2400100214884927, "compliance": 4.509578147660821e-05, "max_stress": 0.11745218544605694}