{"vf": 0.4399839601760914, "compliance": 0.0012486763866833808, "max_stress": 0.4832707901764675}