{"vf": 0.41001256654708657, "compliance": 15.104708719345203, "max_stress": 28.806593316088282}