{"vf": 0.4100083606100119, "compliance": 22.11401996833552, "max_stress": 131.655849990893}