{"vf": 0.409962057412554, "compliance": 4.091455624844493, "max_stress": 15.138784230765108}