{"vf": 0.34537167969523913, "compliance": 0.0019174377375970682, "max_stress": 1.1189666693041738}