{"vf": 0.2547134154699814, "compliance": 3.814457552890187e-05, "max_stress": 0.12589531765562653}