{"vf": 0.3384340922461339, "compliance": 0.00015189696792448302, "max_stress": 0.36842716303482675}