{"vf": 0.4357855344776446, "compliance": 0.001574994751585158, "max_stress": 0.5579377234102917}