{"vf": 0.4068339560902498, "compliance": 15.380575264502776, "max_stress": 29.62569527513259}