{"vf": 0.4033087340375454, "compliance": 23.824631530580945, "max_stress": 131.64534870897728}