{"vf": 0.3559475906856559, "compliance": 0.00016240300769122188, "max_stress": 0.7053290916665073}