{"vf": 0.26637669230235217, "compliance": 5.8547021503159415e-05, "max_stress": 0.25933854306112986}