{"vf": 0.45484210295603694, "compliance": 0.0037269131369556873, "max_stress": 6.084973011126739}