{"vf": 0.4493420912456203, "compliance": 15.747334763998076, "max_stress": 36.17919412008081}