{"vf": 0.4388733565292091, "compliance": 30.852835782497134, "max_stress": 124.14718252229089}