{"vf": 0.3471745254835977, "compliance": 0.0019431012787850636, "max_stress": 0.8845860833271657}