{"vf": 0.3390802378062923, "compliance": 0.0001529134435473316, "max_stress": 0.5189837067444558}