{"vf": 0.2588969154463091, "compliance": 3.922666015698293e-05, "max_stress": 0.1179718216864818}