{"vf": 0.4288762083189012, "compliance": 0.0015452348815792707, "max_stress": 0.7778358651586852}