{"vf": 0.4014599580045311, "compliance": 23.32102160427228, "max_stress": 131.64952581696238}