{"vf": 0.407122668388929, "compliance": 15.298340888643525, "max_stress": 29.792712795780158}