{"gamma_ks": [10, 20, 30, 40, 50, 60, 70, 80], "vf": [0.48850016778479394, 0.46877393029455494, 0.47151073454359255, 0.4605060391681694, 0.4490303440258072, 0.4552894399183002, 0.47591452856043553, 0.4628340878218143], "compliance": [0.0016215158804496208, 0.0015893602838759758, 0.0015203781877610551, 0.0015293992363644804, 0.0015705652363987815, 0.001542804914769648, 0.001467856829326685, 0.001498116397453547], "max_stress": [0.6011625595883966, 0.5382931641709141, 0.6121752742877922, 0.5192510050493873, 0.5047005106225622, 0.6037997978733757, 0.4991798119325733, 0.5064229772848655], "H_min": [0.06996926665306091, 0.035328544676303864, 0.02377748303115368, 0.01800207607448101, 0.014536231756210327, 0.012226544320583344, 0.01057631615549326, 0.009338689967989922], "H_max": [0.9301394820213318, 0.9647933840751648, 0.9763447046279907, 0.9821203351020813, 0.9855857491493225, 0.9878959655761719, 0.9895461797714233, 0.9907838106155396], "filename": ["../src/gamma_ks_test/MBB_beam_half_fm_ae_hv/gamma_ks_10.png", "../src/gamma_ks_test/MBB_beam_half_fm_ae_hv/gamma_ks_20.png", "../src/gamma_ks_test/MBB_beam_half_fm_ae_hv/gamma_ks_30.png", "../src/gamma_ks_test/MBB_beam_half_fm_ae_hv/gamma_ks_40.png", "../src/gamma_ks_test/MBB_beam_half_fm_ae_hv/gamma_ks_50.png", "../src/gamma_ks_test/MBB_beam_half_fm_ae_hv/gamma_ks_60.png", "../src/gamma_ks_test/MBB_beam_half_fm_ae_hv/gamma_ks_70.png", "../src/gamma_ks_test/MBB_beam_half_fm_ae_hv/gamma_ks_80.png"]}