{"gamma_ks": [10, 20, 30, 40, 50, 60, 70, 80], "vf": [0.37322914458124473, 0.35776724818811506, 0.34685933157922355, 0.35462837585251583, 0.34679388220126545, 0.34362654135896326, 0.3572764174510724, 0.35442573501514707], "compliance": [0.002382969938617227, 0.0021216945357689677, 0.002091710961596348, 0.0020748092130835503, 0.0020980756546029045, 0.0021250289820127603, 0.0020295105274317975, 0.0019791195971094206], "max_stress": [0.6322580701853852, 0.40627896784646267, 0.5111096074356611, 0.7460693095447382, 0.8808050809805893, 0.9000929717895746, 0.5712276893224684, 0.5809828122285833], "H_min": [0.0006682138773612678, 0.0010451158741489053, 0.005035605281591415, 0.0008870602468959987, 0.001163836452178657, 0.0016307325568050146, 0.006226386874914169, 0.0010290242498740554], "H_max": [0.8741834759712219, 0.9368153810501099, 0.9576926827430725, 0.9681313037872314, 0.9743945598602295, 0.9785699844360352, 0.9815524816513062, 0.983789324760437], "filename": ["../src/gamma_ks_test/Brecket/gamma_ks_10.png", "../src/gamma_ks_test/Brecket/gamma_ks_20.png", "../src/gamma_ks_test/Brecket/gamma_ks_30.png", "../src/gamma_ks_test/Brecket/gamma_ks_40.png", "../src/gamma_ks_test/Brecket/gamma_ks_50.png", "../src/gamma_ks_test/Brecket/gamma_ks_60.png", "../src/gamma_ks_test/Brecket/gamma_ks_70.png", "../src/gamma_ks_test/Brecket/gamma_ks_80.png"]}