{"vf": 0.35442573501514707, "compliance": 0.0019791195971094206, "max_stress": 0.5809828122285833}