{"vf": 0.3369637304139087, "compliance": 0.00015200420259681757, "max_stress": 0.5746782695424143}