{"vf": 0.2545388089618167, "compliance": 3.914294350284288e-05, "max_stress": 0.14153015849040873}