{"vf": 0.4313777262075332, "compliance": 0.0016621827612448299, "max_stress": 0.5273052548513814}