{"vf": 0.4373773055361144, "compliance": 0.0016311677212807372, "max_stress": 0.5219407003118375}