{"vf": 0.4012333977516375, "compliance": 23.428738543651917, "max_stress": 131.6529892654237}