{"vf": 0.3779710745614524, "compliance": 5.142138549495653, "max_stress": 29.23216018704721}