{"vf": 0.40861240868574417, "compliance": 15.456008254294074, "max_stress": 29.99557722593599}