{"vf": 0.36801895309937305, "compliance": 0.002217720161208204, "max_stress": 0.9564377054802125}