{"vf": 0.344696816033625, "compliance": 0.0001550573874670863, "max_stress": 0.6741619178753883}