{"vf": 0.2974256312195261, "compliance": 4.3908596685013994e-05, "max_stress": 0.1248660058857204}