{"vf": 0.44921495948124185, "compliance": 0.0017379062176795784, "max_stress": 0.60709512573019}