{"vf": 0.42573464464378685, "compliance": 15.770232541124797, "max_stress": 30.105122442717246}