{"vf": 0.4164958786516042, "compliance": 24.494461130488364, "max_stress": 131.65673870838756}