{"vf": [0.42198625688687186, 0.006001428837889519], "compliance": [2957.544683930912, 4384.278561292071, 7.1798688548805565, 14979.728378720763], "max_stress": [33326.036027111244, 30159.6930023393, 65.2020767261892, 97392.41033632761]}