{"vf": [0.41490956708264826, 0.004168619018096183], "compliance": [24.352226628773955, 0.6019777223060827], "max_stress": [133.46614154266956, 5.447010910848502]}