{"vf": [0.4237340620123661, 0.004803122126237723], "compliance": [16.950787862999565, 0.36793643673912796], "max_stress": [64.50879895250287, 22.655260750627725]}