{
    "scnd_MMD_VAE_20smf": {
        "val_tau_loss": 1.3186334371566772,
        "val_reg_loss": 0.0,
        "val_mmd_loss": 0.003119243308901787,
        "val_reconstruction_loss": 0.0001906520192278549,
        "val_total_loss": 0.00019068323308601975
    },
    "scnd_MMD_VAE_DeepSDF_20smf": {
        "val_tau_loss": 1.049559473991394,
        "val_reg_loss": 0.0,
        "val_mmd_loss": 0.004315714351832867,
        "val_reconstruction_loss": 0.00017612043302506208,
        "val_total_loss": 0.00017616359400562942
    }
}