{
    "uba_VAE": {
        "val_kl_divergence/dataloader_idx_0": 47.70983123779297,
        "val_tau_loss/dataloader_idx_0": 0.6674899458885193,
        "val_reg_loss/dataloader_idx_0": 0.0,
        "val_sdf_loss/dataloader_idx_0": 0.0018213732400909066,
        "val_total_loss/dataloader_idx_0": 0.0018452273216098547,
        "val_mae/dataloader_idx_1": 0.02093551866710186,
        "val_rmse/dataloader_idx_1": 0.03559496998786926,
        "val_smoothness_diff/dataloader_idx_1": 0.017884409055113792
    },
    "uba_VAE_DeepSDF": {
        "val_kl_divergence/dataloader_idx_0": 49.605377197265625,
        "val_tau_loss/dataloader_idx_0": 1.0625691413879395,
        "val_reg_loss/dataloader_idx_0": 0.0,
        "val_sdf_loss/dataloader_idx_0": 0.00046399031998589635,
        "val_total_loss/dataloader_idx_0": 0.0004887922550551593,
        "val_mae/dataloader_idx_1": 0.007811219431459904,
        "val_rmse/dataloader_idx_1": 0.018060587346553802,
        "val_smoothness_diff/dataloader_idx_1": 0.0076080565340816975
    }
}