{
    "frst_AE_20smf": {
        "val_total_loss/dataloader_idx_0": 0.0012616701424121857,
        "val_tau_loss/dataloader_idx_0": 0.5111803412437439,
        "val_reg_loss/dataloader_idx_0": 0.01255684532225132,
        "val_sdf_loss/dataloader_idx_0": 0.0011361007345840335,
        "val_mae/dataloader_idx_1": 0.016615262255072594,
        "val_rmse/dataloader_idx_1": 0.027651207521557808,
        "val_smoothness_pred/dataloader_idx_1": 0.04930352047085762,
        "val_smoothness_diff/dataloader_idx_1": 0.015662895515561104,
        "val_diff_smoothness/dataloader_idx_1": 0.0038803284987807274
    },
    "frst_AE_DeepSDF_20smf": {
        "val_total_loss/dataloader_idx_0": 0.00044238855480216444,
        "val_tau_loss/dataloader_idx_0": 0.3472427427768707,
        "val_reg_loss/dataloader_idx_0": 0.010376067832112312,
        "val_sdf_loss/dataloader_idx_0": 0.00033862845157273114,
        "val_mae/dataloader_idx_1": 0.006156128365546465,
        "val_rmse/dataloader_idx_1": 0.015224073082208633,
        "val_smoothness_pred/dataloader_idx_1": 0.04562660679221153,
        "val_smoothness_diff/dataloader_idx_1": 0.005831472110003233,
        "val_diff_smoothness/dataloader_idx_1": 0.0002034088975051418
    }
}