{
    "frst_AE_20smf": {
        "val_total_loss/dataloader_idx_0": 0.0015565762296319008,
        "val_tau_loss/dataloader_idx_0": 0.3398433029651642,
        "val_reg_loss/dataloader_idx_0": 0.012128370814025402,
        "val_sdf_loss/dataloader_idx_0": 0.0014352939324453473,
        "val_mae/dataloader_idx_1": 0.018429815769195557,
        "val_rmse/dataloader_idx_1": 0.031082913279533386,
        "val_smoothness_pred/dataloader_idx_1": 0.04990948736667633,
        "val_smoothness_diff/dataloader_idx_1": 0.016419176012277603,
        "val_diff_smoothness/dataloader_idx_1": 0.0044862981885671616
    },
    "frst_AE_DeepSDF_20smf": {
        "val_total_loss/dataloader_idx_0": 0.0004695741517934948,
        "val_tau_loss/dataloader_idx_0": 0.3632824718952179,
        "val_reg_loss/dataloader_idx_0": 0.010044173337519169,
        "val_sdf_loss/dataloader_idx_0": 0.00036913040094077587,
        "val_mae/dataloader_idx_1": 0.006332908291369677,
        "val_rmse/dataloader_idx_1": 0.015566250309348106,
        "val_smoothness_pred/dataloader_idx_1": 0.045668113976716995,
        "val_smoothness_diff/dataloader_idx_1": 0.005807541776448488,
        "val_diff_smoothness/dataloader_idx_1": 0.0002449245657771826
    }
}