{
    "scnd_MMD_VAE_20smf": {
        "val_tau_loss": 0.9584912061691284,
        "val_reg_loss": 0.0,
        "val_mmd_loss": 0.006917193997651339,
        "val_reconstruction_loss": 0.000184005155460909,
        "val_total_loss": 0.00018407432071398944
    },
    "scnd_MMD_VAE_DeepSDF_20smf": {
        "val_tau_loss": 4.45844841003418,
        "val_reg_loss": 0.0,
        "val_mmd_loss": 0.005958357825875282,
        "val_reconstruction_loss": 0.0002400087396381423,
        "val_total_loss": 0.00024006831517908722
    }
}