{
    "uba_MMD_VAE": {
        "val_tau_loss/dataloader_idx_0": 2.2347707748413086,
        "val_reg_loss/dataloader_idx_0": 0.0,
        "val_mmd_loss/dataloader_idx_0": 0.16721484065055847,
        "val_sdf_loss/dataloader_idx_0": 0.0020108625758439302,
        "val_total_loss/dataloader_idx_0": 0.002012532902881503,
        "val_mae/dataloader_idx_1": 0.02154293842613697,
        "val_rmse/dataloader_idx_1": 0.037271127104759216,
        "val_smoothness_diff/dataloader_idx_1": 0.018024807795882225
    },
    "uba_MMD_VAE_DeepSDF": {
        "val_tau_loss/dataloader_idx_0": 0.8524585962295532,
        "val_reg_loss/dataloader_idx_0": 0.0,
        "val_mmd_loss/dataloader_idx_0": 0.14515501260757446,
        "val_sdf_loss/dataloader_idx_0": 0.0006158886244520545,
        "val_total_loss/dataloader_idx_0": 0.00061734055634588,
        "val_mae/dataloader_idx_1": 0.008191621862351894,
        "val_rmse/dataloader_idx_1": 0.019791092723608017,
        "val_smoothness_diff/dataloader_idx_1": 0.007967938669025898
    }
}