{
    "scnd_MMD_VAE_20smf": {
        "val_tau_loss/dataloader_idx_0": 2.1763999462127686,
        "val_reg_loss/dataloader_idx_0": 0.0,
        "val_mmd_loss/dataloader_idx_0": 0.14579103887081146,
        "val_sdf_loss/dataloader_idx_0": 0.0015632708091288805,
        "val_total_loss/dataloader_idx_0": 0.001564729493111372,
        "val_mae/dataloader_idx_1": 0.0194254107773304,
        "val_rmse/dataloader_idx_1": 0.032027583569288254,
        "val_smoothness_diff/dataloader_idx_1": 0.016324421390891075
    },
    "scnd_MMD_VAE_DeepSDF_20smf": {
        "val_tau_loss/dataloader_idx_0": 2.4974145889282227,
        "val_reg_loss/dataloader_idx_0": 0.0,
        "val_mmd_loss/dataloader_idx_0": 0.1407092660665512,
        "val_sdf_loss/dataloader_idx_0": 0.00047932963934727013,
        "val_total_loss/dataloader_idx_0": 0.0004807368095498532,
        "val_mae/dataloader_idx_1": 0.007575185038149357,
        "val_rmse/dataloader_idx_1": 0.018930213525891304,
        "val_smoothness_diff/dataloader_idx_1": 0.007216042838990688
    }
}