{
    "frst_MMD_VAE_10smf": {
        "val_tau_loss/dataloader_idx_0": 0.37357857823371887,
        "val_reg_loss/dataloader_idx_0": 0.0,
        "val_mmd_loss/dataloader_idx_0": 0.02543637715280056,
        "val_sdf_loss/dataloader_idx_0": 0.0011940349359065294,
        "val_total_loss/dataloader_idx_0": 0.0011942933779209852,
        "val_mae/dataloader_idx_1": 0.014726412482559681,
        "val_rmse/dataloader_idx_1": 0.021531222388148308,
        "val_smoothness_pred/dataloader_idx_1": 0.042508747428655624,
        "val_smoothness_diff/dataloader_idx_1": 0.010462639853358269,
        "val_diff_smoothness/dataloader_idx_1": 0.0007885429658927023
    },
    "frst_MMD_VAE_DeepSDF_10smf": {
        "val_tau_loss/dataloader_idx_0": 0.4193378686904907,
        "val_reg_loss/dataloader_idx_0": 0.0,
        "val_mmd_loss/dataloader_idx_0": 0.01217686478048563,
        "val_sdf_loss/dataloader_idx_0": 0.0004369762318674475,
        "val_total_loss/dataloader_idx_0": 0.0004370973620098084,
        "val_mae/dataloader_idx_1": 0.0063147591426968575,
        "val_rmse/dataloader_idx_1": 0.011102501302957535,
        "val_smoothness_pred/dataloader_idx_1": 0.041701629757881165,
        "val_smoothness_diff/dataloader_idx_1": 0.004565597046166658,
        "val_diff_smoothness/dataloader_idx_1": -1.8577495211502537e-05
    },
    "frst_MMD_VAE_20smf": {
        "val_tau_loss/dataloader_idx_0": 0.40562179684638977,
        "val_reg_loss/dataloader_idx_0": 0.0,
        "val_mmd_loss/dataloader_idx_0": 0.021891608834266663,
        "val_sdf_loss/dataloader_idx_0": 0.0013460528571158648,
        "val_total_loss/dataloader_idx_0": 0.0013462729984894395,
        "val_mae/dataloader_idx_1": 0.018703840672969818,
        "val_rmse/dataloader_idx_1": 0.03075963817536831,
        "val_smoothness_pred/dataloader_idx_1": 0.049014173448085785,
        "val_smoothness_diff/dataloader_idx_1": 0.016380473971366882,
        "val_diff_smoothness/dataloader_idx_1": 0.003590978682041168
    },
    "frst_MMD_VAE_DeepSDF_20smf": {
        "val_tau_loss/dataloader_idx_0": 0.21103616058826447,
        "val_reg_loss/dataloader_idx_0": 0.0,
        "val_mmd_loss/dataloader_idx_0": 0.011844309978187084,
        "val_sdf_loss/dataloader_idx_0": 0.00037352051003836095,
        "val_total_loss/dataloader_idx_0": 0.0003736403305083513,
        "val_mae/dataloader_idx_1": 0.006505414843559265,
        "val_rmse/dataloader_idx_1": 0.016042528674006462,
        "val_smoothness_pred/dataloader_idx_1": 0.04538722708821297,
        "val_smoothness_diff/dataloader_idx_1": 0.006030919495970011,
        "val_diff_smoothness/dataloader_idx_1": -3.596005990402773e-05
    }
}