{
    "scnd_VAE_20smf": {
        "val_kl_divergence": 47.857696533203125,
        "val_tau_loss": 1.9238862991333008,
        "val_reg_loss": 0.0,
        "val_reconstruction_loss": 7.081057265168056e-05,
        "val_total_loss": 9.473940735915676e-05
    },
    "scnd_VAE_DeepSDF_20smf": {
        "val_kl_divergence": 50.9299201965332,
        "val_tau_loss": 1.17288076877594,
        "val_reg_loss": 0.0,
        "val_reconstruction_loss": 8.682789484737441e-05,
        "val_total_loss": 0.00011229288793401793
    }
}