{
    "uba_frst_AE": {
        "val_total_loss/dataloader_idx_0": 0.0013651956105604768,
        "val_tau_loss/dataloader_idx_0": 0.32027217745780945,
        "val_reg_loss/dataloader_idx_0": 0.012379437685012817,
        "val_sdf_loss/dataloader_idx_0": 0.0012413959484547377,
        "val_mae/dataloader_idx_1": 0.017604731023311615,
        "val_rmse/dataloader_idx_1": 0.02885293960571289,
        "val_smoothness_pred/dataloader_idx_1": 0.04923207312822342,
        "val_smoothness_diff/dataloader_idx_1": 0.01579958200454712,
        "val_diff_smoothness/dataloader_idx_1": 0.004044888075441122,
        "val_mi_original/dataloader_idx_2": 0.4658443331718445,
        "val_mi_tau/dataloader_idx_2": 0.41693398356437683,
        "val_z_original_std/dataloader_idx_2": 0.029865622520446777,
        "val_z_tau_std/dataloader_idx_2": 0.029428351670503616,
        "val_z_std_ratio/dataloader_idx_2": 1.0300482511520386,
        "val_mi_ratio/dataloader_idx_2": 1.2746715545654297,
        "val_tau_loss/dataloader_idx_2": 0.11054808646440506
    },
    "uba_frst_AE_DeepSDF": {
        "val_total_loss/dataloader_idx_0": 0.00046203756937757134,
        "val_tau_loss/dataloader_idx_0": 0.3802070915699005,
        "val_reg_loss/dataloader_idx_0": 0.009447521530091763,
        "val_sdf_loss/dataloader_idx_0": 0.00036756202462129295,
        "val_mae/dataloader_idx_1": 0.006043462082743645,
        "val_rmse/dataloader_idx_1": 0.014763531275093555,
        "val_smoothness_pred/dataloader_idx_1": 0.04536125436425209,
        "val_smoothness_diff/dataloader_idx_1": 0.005718377884477377,
        "val_diff_smoothness/dataloader_idx_1": 0.0001740708976285532,
        "val_mi_original/dataloader_idx_2": 0.451437383890152,
        "val_mi_tau/dataloader_idx_2": 0.47746482491493225,
        "val_z_original_std/dataloader_idx_2": 0.029877442866563797,
        "val_z_tau_std/dataloader_idx_2": 0.02719363011419773,
        "val_z_std_ratio/dataloader_idx_2": 1.1482529640197754,
        "val_mi_ratio/dataloader_idx_2": 1.0221370458602905,
        "val_tau_loss/dataloader_idx_2": 0.10776585340499878
    }
}