{
    "scnd_VAE_20smf": {
        "val_kl_divergence/dataloader_idx_0": 46.5372200012207,
        "val_tau_loss/dataloader_idx_0": 0.7508272528648376,
        "val_reg_loss/dataloader_idx_0": 0.0,
        "val_sdf_loss/dataloader_idx_0": 0.0014850687002763152,
        "val_total_loss/dataloader_idx_0": 0.0015083400066941977,
        "val_mae/dataloader_idx_1": 0.019427984952926636,
        "val_rmse/dataloader_idx_1": 0.03201927989721298,
        "val_smoothness_diff/dataloader_idx_1": 0.01692134514451027
    },
    "scnd_VAE_DeepSDF_20smf": {
        "val_kl_divergence/dataloader_idx_0": 48.33375930786133,
        "val_tau_loss/dataloader_idx_0": 0.31052717566490173,
        "val_reg_loss/dataloader_idx_0": 0.0,
        "val_sdf_loss/dataloader_idx_0": 0.00044612190686166286,
        "val_total_loss/dataloader_idx_0": 0.00047028876724652946,
        "val_mae/dataloader_idx_1": 0.008402068167924881,
        "val_rmse/dataloader_idx_1": 0.019233781844377518,
        "val_smoothness_diff/dataloader_idx_1": 0.008018175140023232
    }
}