{
    "frst_MMD_VAE_20smf": {
        "val_reconstruction_loss": 0.00019930463167838752
    },
    "frst_MMD_VAE_DeepSDF_20smf": {
        "val_reconstruction_loss": 0.0002532026846893132
    }
}