{
    "scnd_MMD_VAE_20smf": {
        "val_tau_loss": 1.3490020036697388,
        "val_reg_loss": 0.0,
        "val_mmd_loss": 0.0057841413654387,
        "val_reconstruction_loss": 0.0001974301558220759,
        "val_total_loss": 0.00019748799968510866
    },
    "scnd_MMD_VAE_DeepSDF_20smf": {
        "val_tau_loss": 1.4764958620071411,
        "val_reg_loss": 0.0,
        "val_mmd_loss": 0.005398813169449568,
        "val_reconstruction_loss": 0.00019523949595168233,
        "val_total_loss": 0.00019529352721292526
    }
}