{
    "frst_AE_20smf": {
        "val_reconstruction_loss": 0.0002457121154293418
    },
    "frst_AE_DeepSDF_20smf": {
        "val_reconstruction_loss": 0.00023767599486745894
    }
}