{
    "scnd_AE_10smf": {
        "val_total_loss/dataloader_idx_0": 0.001309708459302783,
        "val_tau_loss/dataloader_idx_0": 0.39566394686698914,
        "val_reg_loss/dataloader_idx_0": 0.0015483653405681252,
        "val_sdf_loss/dataloader_idx_0": 0.0012942255707457662,
        "val_mae/dataloader_idx_1": 0.014907754957675934,
        "val_rmse/dataloader_idx_1": 0.022293921560049057,
        "val_smoothness_diff/dataloader_idx_1": 0.011419901624321938
    },
    "scnd_AE_DeepSDF_10smf": {
        "val_total_loss/dataloader_idx_0": 0.0011455658823251724,
        "val_tau_loss/dataloader_idx_0": 0.3959328234195709,
        "val_reg_loss/dataloader_idx_0": 0.001286734826862812,
        "val_sdf_loss/dataloader_idx_0": 0.0011326996609568596,
        "val_mae/dataloader_idx_1": 0.00927357841283083,
        "val_rmse/dataloader_idx_1": 0.017041809856891632,
        "val_smoothness_diff/dataloader_idx_1": 0.00688165845349431
    },
    "scnd_AE_20smf": {
        "val_total_loss/dataloader_idx_0": 0.0014642501482740045,
        "val_tau_loss/dataloader_idx_0": 0.3526049852371216,
        "val_reg_loss/dataloader_idx_0": 0.0014356535393744707,
        "val_sdf_loss/dataloader_idx_0": 0.0014498940436169505,
        "val_mae/dataloader_idx_1": 0.019228368997573853,
        "val_rmse/dataloader_idx_1": 0.03243483975529671,
        "val_smoothness_diff/dataloader_idx_1": 0.017484067007899284
    },
    "scnd_AE_DeepSDF_20smf": {
        "val_total_loss/dataloader_idx_0": 0.0007048965780995786,
        "val_tau_loss/dataloader_idx_0": 0.3592334985733032,
        "val_reg_loss/dataloader_idx_0": 0.0007769243093207479,
        "val_sdf_loss/dataloader_idx_0": 0.0006971280672587454,
        "val_mae/dataloader_idx_1": 0.008504923433065414,
        "val_rmse/dataloader_idx_1": 0.021326370537281036,
        "val_smoothness_diff/dataloader_idx_1": 0.008184422738850117
    }
}