{
    "scnd_VAE_10smf": {
        "val_kl_divergence": 49.086814880371094,
        "val_tau_loss": 0.7880024909973145,
        "val_reg_loss": 0.0,
        "val_reconstruction_loss": 7.758753781672567e-05,
        "val_total_loss": 0.00010213094356004149
    },
    "scnd_VAE_DeepSDF_10smf": {
        "val_kl_divergence": 48.57550048828125,
        "val_tau_loss": 1.4979095458984375,
        "val_reg_loss": 0.0,
        "val_reconstruction_loss": 6.946372741367668e-05,
        "val_total_loss": 9.375147783430293e-05
    },
    "scnd_VAE_20smf": {
        "val_kl_divergence": 48.64043426513672,
        "val_tau_loss": 0.4385052025318146,
        "val_reg_loss": 0.0,
        "val_reconstruction_loss": 6.501554162241518e-05,
        "val_total_loss": 8.933575736591592e-05
    },
    "scnd_VAE_DeepSDF_20smf": {
        "val_kl_divergence": 47.06385040283203,
        "val_tau_loss": 1.0434612035751343,
        "val_reg_loss": 0.0,
        "val_reconstruction_loss": 6.981425394769758e-05,
        "val_total_loss": 9.33461997192353e-05
    }
}