{
    "scnd_MMD_VAE_20smf": {
        "val_tau_loss": 1.851966381072998,
        "val_reg_loss": 0.0,
        "val_mmd_loss": 0.003998509608209133,
        "val_reconstruction_loss": 0.00020217780547682196,
        "val_total_loss": 0.00020221782324369997
    },
    "scnd_MMD_VAE_DeepSDF_20smf": {
        "val_tau_loss": 2.762028217315674,
        "val_reg_loss": 0.0,
        "val_mmd_loss": 0.00878955889493227,
        "val_reconstruction_loss": 0.0001575292699271813,
        "val_total_loss": 0.0001576171489432454
    }
}