{
    "scnd_AE_20smf": {
        "val_total_loss/dataloader_idx_0": 0.0012933096149936318,
        "val_tau_loss/dataloader_idx_0": 0.35770508646965027,
        "val_reg_loss/dataloader_idx_0": 0.000918275851290673,
        "val_sdf_loss/dataloader_idx_0": 0.0012841258430853486,
        "val_mae/dataloader_idx_1": 0.018029889091849327,
        "val_rmse/dataloader_idx_1": 0.030036520212888718,
        "val_smoothness_diff/dataloader_idx_1": 0.016724491491913795
    },
    "scnd_AE_DeepSDF_20smf": {
        "val_total_loss/dataloader_idx_0": 0.0009282238897867501,
        "val_tau_loss/dataloader_idx_0": 0.36359903216362,
        "val_reg_loss/dataloader_idx_0": 0.000379339384380728,
        "val_sdf_loss/dataloader_idx_0": 0.0009244304383173585,
        "val_mae/dataloader_idx_1": 0.008972945623099804,
        "val_rmse/dataloader_idx_1": 0.02369278110563755,
        "val_smoothness_diff/dataloader_idx_1": 0.008677615784108639
    }
}