{
    "uba_frst_VAE": {
        "val_kl_divergence/dataloader_idx_0": 67.18757629394531,
        "val_tau_loss/dataloader_idx_0": 0.25382527709007263,
        "val_reg_loss/dataloader_idx_0": 0.0,
        "val_sdf_loss/dataloader_idx_0": 0.0014711777912452817,
        "val_total_loss/dataloader_idx_0": 0.0015047769993543625,
        "val_mae/dataloader_idx_1": 0.01856490597128868,
        "val_rmse/dataloader_idx_1": 0.031877823173999786,
        "val_smoothness_pred/dataloader_idx_1": 0.048265498131513596,
        "val_smoothness_diff/dataloader_idx_1": 0.016022665426135063,
        "val_diff_smoothness/dataloader_idx_1": 0.0030783109832555056,
        "val_mi_original/dataloader_idx_2": 0.5156096816062927,
        "val_mi_tau/dataloader_idx_2": 0.4511600136756897,
        "val_z_original_std/dataloader_idx_2": 0.07362550497055054,
        "val_z_tau_std/dataloader_idx_2": 0.08158554881811142,
        "val_z_std_ratio/dataloader_idx_2": 0.9431537389755249,
        "val_mi_ratio/dataloader_idx_2": 1.2565308809280396,
        "val_tau_loss/dataloader_idx_2": 0.23185326159000397
    },
    "uba_frst_VAE_DeepSDF": {
        "val_kl_divergence/dataloader_idx_0": 77.9773941040039,
        "val_tau_loss/dataloader_idx_0": 0.16231702268123627,
        "val_reg_loss/dataloader_idx_0": 0.0,
        "val_sdf_loss/dataloader_idx_0": 0.0002807420678436756,
        "val_total_loss/dataloader_idx_0": 0.000319731974741444,
        "val_mae/dataloader_idx_1": 0.005677308887243271,
        "val_rmse/dataloader_idx_1": 0.013801300898194313,
        "val_smoothness_pred/dataloader_idx_1": 0.045448705554008484,
        "val_smoothness_diff/dataloader_idx_1": 0.005691986996680498,
        "val_diff_smoothness/dataloader_idx_1": 0.0002615216944832355,
        "val_mi_original/dataloader_idx_2": 0.48490414023399353,
        "val_mi_tau/dataloader_idx_2": 0.46582305431365967,
        "val_z_original_std/dataloader_idx_2": 0.05073520168662071,
        "val_z_tau_std/dataloader_idx_2": 0.04035528004169464,
        "val_z_std_ratio/dataloader_idx_2": 1.447432041168213,
        "val_mi_ratio/dataloader_idx_2": 1.0807387828826904,
        "val_tau_loss/dataloader_idx_2": 0.09436589479446411
    }
}