{
    "uba_MMD_VAE": {
        "val_tau_loss/dataloader_idx_0": 1.2776472568511963,
        "val_reg_loss/dataloader_idx_0": 0.0,
        "val_mmd_loss/dataloader_idx_0": 0.15867632627487183,
        "val_sdf_loss/dataloader_idx_0": 0.0014863971155136824,
        "val_total_loss/dataloader_idx_0": 0.001487983507104218,
        "val_mae/dataloader_idx_1": 0.0195432361215353,
        "val_rmse/dataloader_idx_1": 0.03182286024093628,
        "val_smoothness_diff/dataloader_idx_1": 0.01638241484761238
    },
    "uba_MMD_VAE_DeepSDF": {
        "val_tau_loss/dataloader_idx_0": 2.54400897026062,
        "val_reg_loss/dataloader_idx_0": 0.0,
        "val_mmd_loss/dataloader_idx_0": 0.13586747646331787,
        "val_sdf_loss/dataloader_idx_0": 0.0005699372268281877,
        "val_total_loss/dataloader_idx_0": 0.0005712959100492299,
        "val_mae/dataloader_idx_1": 0.008143696933984756,
        "val_rmse/dataloader_idx_1": 0.01946939341723919,
        "val_smoothness_diff/dataloader_idx_1": 0.008034653030335903
    }
}