{
    "frst_AE_10smf": {
        "val_total_loss/dataloader_idx_0": 0.0010534763569012284,
        "val_tau_loss/dataloader_idx_0": 0.39109325408935547,
        "val_reg_loss/dataloader_idx_0": 0.007585396524518728,
        "val_sdf_loss/dataloader_idx_0": 0.0009776229271665215,
        "val_mae/dataloader_idx_1": 0.013862707652151585,
        "val_rmse/dataloader_idx_1": 0.019940853118896484,
        "val_smoothness_pred/dataloader_idx_1": 0.04293394833803177,
        "val_smoothness_diff/dataloader_idx_1": 0.010082080960273743,
        "val_diff_smoothness/dataloader_idx_1": 0.0012137427693232894
    },
    "frst_AE_DeepSDF_10smf": {
        "val_total_loss/dataloader_idx_0": 0.0004860071639996022,
        "val_tau_loss/dataloader_idx_0": 0.3776819705963135,
        "val_reg_loss/dataloader_idx_0": 0.006360959727317095,
        "val_sdf_loss/dataloader_idx_0": 0.0004223966388963163,
        "val_mae/dataloader_idx_1": 0.006309499032795429,
        "val_rmse/dataloader_idx_1": 0.011041379533708096,
        "val_smoothness_pred/dataloader_idx_1": 0.04169467091560364,
        "val_smoothness_diff/dataloader_idx_1": 0.004657349083572626,
        "val_diff_smoothness/dataloader_idx_1": -2.553656122472603e-05
    },
    "frst_AE_20smf": {
        "val_total_loss/dataloader_idx_0": 0.0012961596949025989,
        "val_tau_loss/dataloader_idx_0": 0.3548986613750458,
        "val_reg_loss/dataloader_idx_0": 0.012524716556072235,
        "val_sdf_loss/dataloader_idx_0": 0.001170906936749816,
        "val_mae/dataloader_idx_1": 0.01751512475311756,
        "val_rmse/dataloader_idx_1": 0.0283904280513525,
        "val_smoothness_pred/dataloader_idx_1": 0.049532126635313034,
        "val_smoothness_diff/dataloader_idx_1": 0.016002312302589417,
        "val_diff_smoothness/dataloader_idx_1": 0.004108938854187727
    },
    "frst_AE_DeepSDF_20smf": {
        "val_total_loss/dataloader_idx_0": 0.0004502349183894694,
        "val_tau_loss/dataloader_idx_0": 0.3877297043800354,
        "val_reg_loss/dataloader_idx_0": 0.009928617626428604,
        "val_sdf_loss/dataloader_idx_0": 0.0003509446978569031,
        "val_mae/dataloader_idx_1": 0.006184121128171682,
        "val_rmse/dataloader_idx_1": 0.015019647777080536,
        "val_smoothness_pred/dataloader_idx_1": 0.045578304678201675,
        "val_smoothness_diff/dataloader_idx_1": 0.005823683924973011,
        "val_diff_smoothness/dataloader_idx_1": 0.0001551133464090526
    }
}