{
    "uba_MMD_VAE_recon_dec": {
        "val_tau_loss": 2.9215567111968994,
        "val_reg_loss": 0.0,
        "val_mmd_loss": 0.008160713128745556,
        "val_reconstruction_loss": 0.0002113978553097695,
        "val_total_loss": 0.00021147947700228542
    },
    "uba_MMD_VAE_DeepSDF_recon_dec": {
        "val_tau_loss": 0.8086374402046204,
        "val_reg_loss": 0.0,
        "val_mmd_loss": 0.006668845657259226,
        "val_reconstruction_loss": 0.0002264158392790705,
        "val_total_loss": 0.00022648250160273165
    }
}