{
    "scnd_MMD_VAE_10smf": {
        "val_tau_loss/dataloader_idx_0": 0.4482431709766388,
        "val_reg_loss/dataloader_idx_0": 0.0,
        "val_mmd_loss/dataloader_idx_0": 0.13686715066432953,
        "val_sdf_loss/dataloader_idx_0": 0.001349734142422676,
        "val_total_loss/dataloader_idx_0": 0.001351101673208177,
        "val_mae/dataloader_idx_1": 0.016261260956525803,
        "val_rmse/dataloader_idx_1": 0.023985866457223892,
        "val_smoothness_diff/dataloader_idx_1": 0.011004356667399406
    },
    "scnd_MMD_VAE_DeepSDF_10smf": {
        "val_tau_loss/dataloader_idx_0": 0.746398389339447,
        "val_reg_loss/dataloader_idx_0": 0.0,
        "val_mmd_loss/dataloader_idx_0": 0.1490461230278015,
        "val_sdf_loss/dataloader_idx_0": 0.000843432208057493,
        "val_total_loss/dataloader_idx_0": 0.0008449220331385732,
        "val_mae/dataloader_idx_1": 0.008956454694271088,
        "val_rmse/dataloader_idx_1": 0.015827156603336334,
        "val_smoothness_diff/dataloader_idx_1": 0.005716098006814718
    },
    "scnd_MMD_VAE_20smf": {
        "val_tau_loss/dataloader_idx_0": 4.561183929443359,
        "val_reg_loss/dataloader_idx_0": 0.0,
        "val_mmd_loss/dataloader_idx_0": 0.16761183738708496,
        "val_sdf_loss/dataloader_idx_0": 0.0018167754169553518,
        "val_total_loss/dataloader_idx_0": 0.0018184516811743379,
        "val_mae/dataloader_idx_1": 0.02140888199210167,
        "val_rmse/dataloader_idx_1": 0.03534230589866638,
        "val_smoothness_diff/dataloader_idx_1": 0.01787993125617504
    },
    "scnd_MMD_VAE_DeepSDF_20smf": {
        "val_tau_loss/dataloader_idx_0": 2.8076446056365967,
        "val_reg_loss/dataloader_idx_0": 0.0,
        "val_mmd_loss/dataloader_idx_0": 0.14629434049129486,
        "val_sdf_loss/dataloader_idx_0": 0.000604176486376673,
        "val_total_loss/dataloader_idx_0": 0.0006056395941413939,
        "val_mae/dataloader_idx_1": 0.008895528502762318,
        "val_rmse/dataloader_idx_1": 0.02095259353518486,
        "val_smoothness_diff/dataloader_idx_1": 0.008442232385277748
    }
}