{
    "frst_AE_20smf": {
        "val_reconstruction_loss": 0.00026609053020365536
    },
    "frst_AE_DeepSDF_20smf": {
        "val_reconstruction_loss": 0.0001972435275092721
    }
}