{
    "scnd_AE_20smf": {
        "val_total_loss/dataloader_idx_0": 0.001560469507239759,
        "val_tau_loss/dataloader_idx_0": 0.360640287399292,
        "val_reg_loss/dataloader_idx_0": 0.0008993149385787547,
        "val_sdf_loss/dataloader_idx_0": 0.0015514778206124902,
        "val_mae/dataloader_idx_1": 0.019449295476078987,
        "val_rmse/dataloader_idx_1": 0.032931629568338394,
        "val_smoothness_diff/dataloader_idx_1": 0.01746526174247265
    },
    "scnd_AE_DeepSDF_20smf": {
        "val_total_loss/dataloader_idx_0": 0.0008263252675533295,
        "val_tau_loss/dataloader_idx_0": 0.3656102120876312,
        "val_reg_loss/dataloader_idx_0": 0.00042579497676342726,
        "val_sdf_loss/dataloader_idx_0": 0.0008220670861192048,
        "val_mae/dataloader_idx_1": 0.008611305616796017,
        "val_rmse/dataloader_idx_1": 0.02171367220580578,
        "val_smoothness_diff/dataloader_idx_1": 0.008285244926810265
    }
}