{
    "frst_MMD_VAE_20smf": {
        "val_tau_loss/dataloader_idx_0": 0.7603209018707275,
        "val_reg_loss/dataloader_idx_0": 0.0,
        "val_mmd_loss/dataloader_idx_0": 0.019875580444931984,
        "val_sdf_loss/dataloader_idx_0": 0.0013689527986571193,
        "val_total_loss/dataloader_idx_0": 0.001369150704704225,
        "val_mae/dataloader_idx_1": 0.01900835521519184,
        "val_rmse/dataloader_idx_1": 0.03100675344467163,
        "val_smoothness_pred/dataloader_idx_1": 0.04914950951933861,
        "val_smoothness_diff/dataloader_idx_1": 0.016806019470095634,
        "val_diff_smoothness/dataloader_idx_1": 0.0037263191770762205
    },
    "frst_MMD_VAE_DeepSDF_20smf": {
        "val_tau_loss/dataloader_idx_0": 0.49629417061805725,
        "val_reg_loss/dataloader_idx_0": 0.0,
        "val_mmd_loss/dataloader_idx_0": 0.011712372303009033,
        "val_sdf_loss/dataloader_idx_0": 0.000361454178346321,
        "val_total_loss/dataloader_idx_0": 0.00036157245631329715,
        "val_mae/dataloader_idx_1": 0.006390283349901438,
        "val_rmse/dataloader_idx_1": 0.015802687034010887,
        "val_smoothness_pred/dataloader_idx_1": 0.045443709939718246,
        "val_smoothness_diff/dataloader_idx_1": 0.005883670877665281,
        "val_diff_smoothness/dataloader_idx_1": 2.05252999876393e-05
    }
}