{
    "uba_AE_recon_dec": {
        "val_total_loss": 0.0002315541059942916,
        "val_tau_loss": 0.3946063220500946,
        "val_reg_loss": 0.0005241862963885069,
        "val_reconstruction_loss": 0.0002263122732983902
    },
    "uba_AE_DeepSDF_recon_dec": {
        "val_total_loss": 0.00015761949180159718,
        "val_tau_loss": 0.37944677472114563,
        "val_reg_loss": 0.0009901501471176744,
        "val_reconstruction_loss": 0.00014771800488233566
    }
}