{
    "frst_AE_20smf": {
        "val_reconstruction_loss": 0.00022467707458417863
    },
    "frst_AE_DeepSDF_20smf": {
        "val_reconstruction_loss": 0.00018273264868184924
    }
}