{
    "frst_VAE_20smf": {
        "val_kl_divergence/dataloader_idx_0": 68.45081329345703,
        "val_tau_loss/dataloader_idx_0": 0.8729956746101379,
        "val_reg_loss/dataloader_idx_0": 0.0,
        "val_sdf_loss/dataloader_idx_0": 0.00140043452847749,
        "val_total_loss/dataloader_idx_0": 0.0014346592361107469,
        "val_mae/dataloader_idx_1": 0.019063718616962433,
        "val_rmse/dataloader_idx_1": 0.03119184635579586,
        "val_smoothness_pred/dataloader_idx_1": 0.04964050278067589,
        "val_smoothness_diff/dataloader_idx_1": 0.01700671948492527,
        "val_diff_smoothness/dataloader_idx_1": 0.004217309877276421
    },
    "frst_VAE_DeepSDF_20smf": {
        "val_kl_divergence/dataloader_idx_0": 78.0921401977539,
        "val_tau_loss/dataloader_idx_0": 0.11800024658441544,
        "val_reg_loss/dataloader_idx_0": 0.0,
        "val_sdf_loss/dataloader_idx_0": 0.00027029687771573663,
        "val_total_loss/dataloader_idx_0": 0.0003093420818913728,
        "val_mae/dataloader_idx_1": 0.005812367890030146,
        "val_rmse/dataloader_idx_1": 0.014090793207287788,
        "val_smoothness_pred/dataloader_idx_1": 0.045830272138118744,
        "val_smoothness_diff/dataloader_idx_1": 0.005685186944901943,
        "val_diff_smoothness/dataloader_idx_1": 0.00040708345477469265
    }
}