{
    "frst_VAE_20smf": {
        "val_kl_divergence/dataloader_idx_0": 67.97431182861328,
        "val_tau_loss/dataloader_idx_0": 0.43276432156562805,
        "val_reg_loss/dataloader_idx_0": 0.0,
        "val_sdf_loss/dataloader_idx_0": 0.0012261220254004002,
        "val_total_loss/dataloader_idx_0": 0.0012601057533174753,
        "val_mae/dataloader_idx_1": 0.018091561272740364,
        "val_rmse/dataloader_idx_1": 0.02952047437429428,
        "val_smoothness_pred/dataloader_idx_1": 0.04890444874763489,
        "val_smoothness_diff/dataloader_idx_1": 0.015879126265645027,
        "val_diff_smoothness/dataloader_idx_1": 0.003481256077066064
    },
    "frst_VAE_DeepSDF_20smf": {
        "val_kl_divergence/dataloader_idx_0": 78.2162857055664,
        "val_tau_loss/dataloader_idx_0": 0.3301575481891632,
        "val_reg_loss/dataloader_idx_0": 0.0,
        "val_sdf_loss/dataloader_idx_0": 0.00029851344879716635,
        "val_total_loss/dataloader_idx_0": 0.0003376206732355058,
        "val_mae/dataloader_idx_1": 0.006004707422107458,
        "val_rmse/dataloader_idx_1": 0.014516517519950867,
        "val_smoothness_pred/dataloader_idx_1": 0.04580799117684364,
        "val_smoothness_diff/dataloader_idx_1": 0.005825893487781286,
        "val_diff_smoothness/dataloader_idx_1": 0.00038480095099657774
    }
}