{
    "scnd_VAE_20smf": {
        "val_kl_divergence/dataloader_idx_0": 49.90577697753906,
        "val_tau_loss/dataloader_idx_0": 1.6120383739471436,
        "val_reg_loss/dataloader_idx_0": 0.0,
        "val_sdf_loss/dataloader_idx_0": 0.0012693936005234718,
        "val_total_loss/dataloader_idx_0": 0.001294346759095788,
        "val_mae/dataloader_idx_1": 0.01840820163488388,
        "val_rmse/dataloader_idx_1": 0.02987273782491684,
        "val_smoothness_diff/dataloader_idx_1": 0.016620229929685593
    },
    "scnd_VAE_DeepSDF_20smf": {
        "val_kl_divergence/dataloader_idx_0": 51.485748291015625,
        "val_tau_loss/dataloader_idx_0": 0.6538891196250916,
        "val_reg_loss/dataloader_idx_0": 0.0,
        "val_sdf_loss/dataloader_idx_0": 0.0005555046955123544,
        "val_total_loss/dataloader_idx_0": 0.0005812477902509272,
        "val_mae/dataloader_idx_1": 0.008860195986926556,
        "val_rmse/dataloader_idx_1": 0.020704235881567,
        "val_smoothness_diff/dataloader_idx_1": 0.00840627122670412
    }
}