{
    "uba_frst_VAE": {
        "val_kl_divergence/dataloader_idx_0": 67.09464263916016,
        "val_tau_loss/dataloader_idx_0": 0.6523823142051697,
        "val_reg_loss/dataloader_idx_0": 0.0,
        "val_sdf_loss/dataloader_idx_0": 0.0012588066747412086,
        "val_total_loss/dataloader_idx_0": 0.0012923533795401454,
        "val_mae/dataloader_idx_1": 0.01860957033932209,
        "val_rmse/dataloader_idx_1": 0.029506385326385498,
        "val_smoothness_pred/dataloader_idx_1": 0.049016036093235016,
        "val_smoothness_diff/dataloader_idx_1": 0.01606518030166626,
        "val_diff_smoothness/dataloader_idx_1": 0.003828848944976926,
        "val_mi_original/dataloader_idx_2": 0.5225002765655518,
        "val_mi_tau/dataloader_idx_2": 0.4121887981891632,
        "val_z_original_std/dataloader_idx_2": 0.06537339836359024,
        "val_z_tau_std/dataloader_idx_2": 0.07918842136859894,
        "val_z_std_ratio/dataloader_idx_2": 0.845784068107605,
        "val_mi_ratio/dataloader_idx_2": 1.3703033924102783,
        "val_tau_loss/dataloader_idx_2": 0.5594940185546875
    },
    "uba_frst_VAE_DeepSDF": {
        "val_kl_divergence/dataloader_idx_0": 78.7588882446289,
        "val_tau_loss/dataloader_idx_0": 0.7704587578773499,
        "val_reg_loss/dataloader_idx_0": 0.0,
        "val_sdf_loss/dataloader_idx_0": 0.0002573035308159888,
        "val_total_loss/dataloader_idx_0": 0.00029668232309632003,
        "val_mae/dataloader_idx_1": 0.0055359769612550735,
        "val_rmse/dataloader_idx_1": 0.013326289132237434,
        "val_smoothness_pred/dataloader_idx_1": 0.04548342898488045,
        "val_smoothness_diff/dataloader_idx_1": 0.005565802566707134,
        "val_diff_smoothness/dataloader_idx_1": 0.00029623726732097566,
        "val_mi_original/dataloader_idx_2": 0.4091838002204895,
        "val_mi_tau/dataloader_idx_2": 0.5559966564178467,
        "val_z_original_std/dataloader_idx_2": 0.050607990473508835,
        "val_z_tau_std/dataloader_idx_2": 0.04789550602436066,
        "val_z_std_ratio/dataloader_idx_2": 1.0775184631347656,
        "val_mi_ratio/dataloader_idx_2": 0.7771363258361816,
        "val_tau_loss/dataloader_idx_2": 0.34932640194892883
    }
}