{
    "scnd_VAE_20smf": {
        "val_kl_divergence": 47.86258316040039,
        "val_tau_loss": 0.762958824634552,
        "val_reg_loss": 0.0,
        "val_reconstruction_loss": 6.212036532815546e-05,
        "val_total_loss": 8.605165203334764e-05
    },
    "scnd_VAE_DeepSDF_20smf": {
        "val_kl_divergence": 48.92341995239258,
        "val_tau_loss": 1.0609403848648071,
        "val_reg_loss": 0.0,
        "val_reconstruction_loss": 6.300609675236046e-05,
        "val_total_loss": 8.746780804358423e-05
    }
}