{
    "uba_AE": {
        "val_total_loss/dataloader_idx_0": 0.0019047423265874386,
        "val_tau_loss/dataloader_idx_0": 0.35488632321357727,
        "val_reg_loss/dataloader_idx_0": 0.0011519656982272863,
        "val_sdf_loss/dataloader_idx_0": 0.001893224660307169,
        "val_mae/dataloader_idx_1": 0.02029174007475376,
        "val_rmse/dataloader_idx_1": 0.03624183312058449,
        "val_smoothness_diff/dataloader_idx_1": 0.018268056213855743
    },
    "uba_AE_DeepSDF": {
        "val_total_loss/dataloader_idx_0": 0.0007358908769674599,
        "val_tau_loss/dataloader_idx_0": 0.364852637052536,
        "val_reg_loss/dataloader_idx_0": 0.0006429384811781347,
        "val_sdf_loss/dataloader_idx_0": 0.0007294617244042456,
        "val_mae/dataloader_idx_1": 0.007873378694057465,
        "val_rmse/dataloader_idx_1": 0.019999707117676735,
        "val_smoothness_diff/dataloader_idx_1": 0.007742852438241243
    }
}