{
    "frst_AE_20smf": {
        "val_total_loss/dataloader_idx_0": 0.0013882643543183804,
        "val_tau_loss/dataloader_idx_0": 0.42708998918533325,
        "val_reg_loss/dataloader_idx_0": 0.013700628653168678,
        "val_sdf_loss/dataloader_idx_0": 0.0012512560933828354,
        "val_mae/dataloader_idx_1": 0.017308862879872322,
        "val_rmse/dataloader_idx_1": 0.028941163793206215,
        "val_smoothness_pred/dataloader_idx_1": 0.04918540269136429,
        "val_smoothness_diff/dataloader_idx_1": 0.015778178349137306,
        "val_diff_smoothness/dataloader_idx_1": 0.0037622118834406137
    },
    "frst_AE_DeepSDF_20smf": {
        "val_total_loss/dataloader_idx_0": 0.00040106812957674265,
        "val_tau_loss/dataloader_idx_0": 0.41742634773254395,
        "val_reg_loss/dataloader_idx_0": 0.009535313583910465,
        "val_sdf_loss/dataloader_idx_0": 0.0003057138528674841,
        "val_mae/dataloader_idx_1": 0.006018688902258873,
        "val_rmse/dataloader_idx_1": 0.014831890352070332,
        "val_smoothness_pred/dataloader_idx_1": 0.04554850980639458,
        "val_smoothness_diff/dataloader_idx_1": 0.005751322023570538,
        "val_diff_smoothness/dataloader_idx_1": 0.00012532208347693086
    }
}