{
    "uba_VAE_recon_dec": {
        "val_kl_divergence": 46.36996841430664,
        "val_tau_loss": 1.2590898275375366,
        "val_reg_loss": 0.0,
        "val_reconstruction_loss": 7.093067688401788e-05,
        "val_total_loss": 9.411566134076566e-05
    },
    "uba_VAE_DeepSDF_recon_dec": {
        "val_kl_divergence": 49.63406753540039,
        "val_tau_loss": 0.9844027757644653,
        "val_reg_loss": 0.0,
        "val_reconstruction_loss": 6.988307723077014e-05,
        "val_total_loss": 9.470011718804017e-05
    }
}