{
    "frst_AE_20smf": {
        "val_total_loss/dataloader_idx_0": 0.001259862445294857,
        "val_tau_loss/dataloader_idx_0": 0.4319019615650177,
        "val_reg_loss/dataloader_idx_0": 0.013331321999430656,
        "val_sdf_loss/dataloader_idx_0": 0.0011265486245974898,
        "val_mae/dataloader_idx_1": 0.017603088170289993,
        "val_rmse/dataloader_idx_1": 0.02808062918484211,
        "val_smoothness_pred/dataloader_idx_1": 0.049885526299476624,
        "val_smoothness_diff/dataloader_idx_1": 0.01598530262708664,
        "val_diff_smoothness/dataloader_idx_1": 0.004462341777980328
    },
    "frst_AE_DeepSDF_20smf": {
        "val_total_loss/dataloader_idx_0": 0.00043306214502081275,
        "val_tau_loss/dataloader_idx_0": 0.31045228242874146,
        "val_reg_loss/dataloader_idx_0": 0.009850569069385529,
        "val_sdf_loss/dataloader_idx_0": 0.00033455464290454984,
        "val_mae/dataloader_idx_1": 0.005926094483584166,
        "val_rmse/dataloader_idx_1": 0.014654221944510937,
        "val_smoothness_pred/dataloader_idx_1": 0.045533228665590286,
        "val_smoothness_diff/dataloader_idx_1": 0.005594581365585327,
        "val_diff_smoothness/dataloader_idx_1": 0.00011004081170540303
    }
}