{
    "scnd_AE_20smf": {
        "val_total_loss": 0.0001585278077982366,
        "val_tau_loss": 0.3845154345035553,
        "val_reg_loss": 0.0005582403391599655,
        "val_reconstruction_loss": 0.00015294540207833052
    },
    "scnd_AE_DeepSDF_20smf": {
        "val_total_loss": 0.00033850190811790526,
        "val_tau_loss": 0.3779827356338501,
        "val_reg_loss": 0.0009303864208050072,
        "val_reconstruction_loss": 0.00032919805380515754
    }
}