{
    "uba_frst_AE": {
        "val_total_loss/dataloader_idx_0": 0.0014113644137978554,
        "val_tau_loss/dataloader_idx_0": 0.36020275950431824,
        "val_reg_loss/dataloader_idx_0": 0.012797519564628601,
        "val_sdf_loss/dataloader_idx_0": 0.0012833884684368968,
        "val_mae/dataloader_idx_1": 0.018267374485731125,
        "val_rmse/dataloader_idx_1": 0.029470369219779968,
        "val_smoothness_pred/dataloader_idx_1": 0.04946630448102951,
        "val_smoothness_diff/dataloader_idx_1": 0.01606510952115059,
        "val_diff_smoothness/dataloader_idx_1": 0.004279116168618202,
        "val_mi_original/dataloader_idx_2": 0.5252935290336609,
        "val_mi_tau/dataloader_idx_2": 0.5523442029953003,
        "val_z_original_std/dataloader_idx_2": 0.02619522623717785,
        "val_z_tau_std/dataloader_idx_2": 0.029085373505949974,
        "val_z_std_ratio/dataloader_idx_2": 0.9499871730804443,
        "val_mi_ratio/dataloader_idx_2": 1.0004152059555054,
        "val_tau_loss/dataloader_idx_2": 0.11170165240764618
    },
    "uba_frst_AE_DeepSDF": {
        "val_total_loss/dataloader_idx_0": 0.00043066986836493015,
        "val_tau_loss/dataloader_idx_0": 0.38100317120552063,
        "val_reg_loss/dataloader_idx_0": 0.009603320620954037,
        "val_sdf_loss/dataloader_idx_0": 0.0003346371522638947,
        "val_mae/dataloader_idx_1": 0.0057529970072209835,
        "val_rmse/dataloader_idx_1": 0.014265607111155987,
        "val_smoothness_pred/dataloader_idx_1": 0.045423779636621475,
        "val_smoothness_diff/dataloader_idx_1": 0.005553863011300564,
        "val_diff_smoothness/dataloader_idx_1": 0.00023658765712752938,
        "val_mi_original/dataloader_idx_2": 0.4799310266971588,
        "val_mi_tau/dataloader_idx_2": 0.6000027656555176,
        "val_z_original_std/dataloader_idx_2": 0.0269610695540905,
        "val_z_tau_std/dataloader_idx_2": 0.02375165745615959,
        "val_z_std_ratio/dataloader_idx_2": 1.160239815711975,
        "val_mi_ratio/dataloader_idx_2": 0.8097730875015259,
        "val_tau_loss/dataloader_idx_2": 0.09071095287799835
    }
}