{
    "scnd_VAE_20smf": {
        "val_kl_divergence": 51.627864837646484,
        "val_tau_loss": 0.49263596534729004,
        "val_reg_loss": 0.0,
        "val_reconstruction_loss": 7.673777145100757e-05,
        "val_total_loss": 0.00010255171218886971
    },
    "scnd_VAE_DeepSDF_20smf": {
        "val_kl_divergence": 48.54572677612305,
        "val_tau_loss": 2.7399990558624268,
        "val_reg_loss": 0.0,
        "val_reconstruction_loss": 7.30425090296194e-05,
        "val_total_loss": 9.731536556500942e-05
    }
}