{
    "frst_VAE_20smf": {
        "val_kl_divergence/dataloader_idx_0": 67.48865509033203,
        "val_tau_loss/dataloader_idx_0": 3.10615611076355,
        "val_reg_loss/dataloader_idx_0": 0.0,
        "val_sdf_loss/dataloader_idx_0": 0.001173065509647131,
        "val_total_loss/dataloader_idx_0": 0.001206810586154461,
        "val_mae/dataloader_idx_1": 0.01823853887617588,
        "val_rmse/dataloader_idx_1": 0.02885693684220314,
        "val_smoothness_pred/dataloader_idx_1": 0.049381956458091736,
        "val_smoothness_diff/dataloader_idx_1": 0.01637527532875538,
        "val_diff_smoothness/dataloader_idx_1": 0.003958764020353556
    },
    "frst_VAE_DeepSDF_20smf": {
        "val_kl_divergence/dataloader_idx_0": 78.66107177734375,
        "val_tau_loss/dataloader_idx_0": 0.34433692693710327,
        "val_reg_loss/dataloader_idx_0": 0.0,
        "val_sdf_loss/dataloader_idx_0": 0.00028599388315342367,
        "val_total_loss/dataloader_idx_0": 0.0003253261384088546,
        "val_mae/dataloader_idx_1": 0.0059915510937571526,
        "val_rmse/dataloader_idx_1": 0.014487204141914845,
        "val_smoothness_pred/dataloader_idx_1": 0.04568471014499664,
        "val_smoothness_diff/dataloader_idx_1": 0.005814324598759413,
        "val_diff_smoothness/dataloader_idx_1": 0.00026151537895202637
    }
}