{
    "frst_MMD_VAE_20smf": {
        "val_reconstruction_loss": 0.0001873120345408097
    },
    "frst_MMD_VAE_DeepSDF_20smf": {
        "val_reconstruction_loss": 0.00022300910495687276
    }
}