{
    "scnd_VAE_20smf": {
        "val_kl_divergence/dataloader_idx_0": 49.53459548950195,
        "val_tau_loss/dataloader_idx_0": 0.6231495141983032,
        "val_reg_loss/dataloader_idx_0": 0.0,
        "val_sdf_loss/dataloader_idx_0": 0.0013499530032277107,
        "val_total_loss/dataloader_idx_0": 0.001374720362946391,
        "val_mae/dataloader_idx_1": 0.018514355644583702,
        "val_rmse/dataloader_idx_1": 0.03038264811038971,
        "val_smoothness_diff/dataloader_idx_1": 0.01643945835530758
    },
    "scnd_VAE_DeepSDF_20smf": {
        "val_kl_divergence/dataloader_idx_0": 47.077552795410156,
        "val_tau_loss/dataloader_idx_0": 1.4526695013046265,
        "val_reg_loss/dataloader_idx_0": 0.0,
        "val_sdf_loss/dataloader_idx_0": 0.000454826484201476,
        "val_total_loss/dataloader_idx_0": 0.00047836589510552585,
        "val_mae/dataloader_idx_1": 0.008370253257453442,
        "val_rmse/dataloader_idx_1": 0.019322970882058144,
        "val_smoothness_diff/dataloader_idx_1": 0.008001461625099182
    }
}