{
    "scnd_VAE_20smf": {
        "val_kl_divergence/dataloader_idx_0": 49.45970153808594,
        "val_tau_loss/dataloader_idx_0": 1.0925332307815552,
        "val_reg_loss/dataloader_idx_0": 0.0,
        "val_sdf_loss/dataloader_idx_0": 0.0013984015677124262,
        "val_total_loss/dataloader_idx_0": 0.0014231303939595819,
        "val_mae/dataloader_idx_1": 0.018801037222146988,
        "val_rmse/dataloader_idx_1": 0.031186522915959358,
        "val_smoothness_diff/dataloader_idx_1": 0.016554467380046844
    },
    "scnd_VAE_DeepSDF_20smf": {
        "val_kl_divergence/dataloader_idx_0": 50.13838577270508,
        "val_tau_loss/dataloader_idx_0": 1.6990959644317627,
        "val_reg_loss/dataloader_idx_0": 0.0,
        "val_sdf_loss/dataloader_idx_0": 0.0004687024047598243,
        "val_total_loss/dataloader_idx_0": 0.0004937714547850192,
        "val_mae/dataloader_idx_1": 0.008119835518300533,
        "val_rmse/dataloader_idx_1": 0.019409794360399246,
        "val_smoothness_diff/dataloader_idx_1": 0.00786080677062273
    }
}