{
    "frst_VAE_20smf": {
        "val_reconstruction_loss": 0.00014246236241888255
    },
    "frst_VAE_DeepSDF_20smf": {
        "val_reconstruction_loss": 0.0001547210122225806
    }
}