{
    "frst_MMD_VAE_20smf": {
        "val_tau_loss/dataloader_idx_0": 0.46059149503707886,
        "val_reg_loss/dataloader_idx_0": 0.0,
        "val_mmd_loss/dataloader_idx_0": 0.021069297567009926,
        "val_sdf_loss/dataloader_idx_0": 0.0010839073220267892,
        "val_total_loss/dataloader_idx_0": 0.0010841141920536757,
        "val_mae/dataloader_idx_1": 0.017440475523471832,
        "val_rmse/dataloader_idx_1": 0.02726302295923233,
        "val_smoothness_pred/dataloader_idx_1": 0.048836156725883484,
        "val_smoothness_diff/dataloader_idx_1": 0.01528856810182333,
        "val_diff_smoothness/dataloader_idx_1": 0.0034129677806049585
    },
    "frst_MMD_VAE_DeepSDF_20smf": {
        "val_tau_loss/dataloader_idx_0": 0.7236375212669373,
        "val_reg_loss/dataloader_idx_0": 0.0,
        "val_mmd_loss/dataloader_idx_0": 0.011063475161790848,
        "val_sdf_loss/dataloader_idx_0": 0.00035392731660977006,
        "val_total_loss/dataloader_idx_0": 0.00035403930814936757,
        "val_mae/dataloader_idx_1": 0.00627543032169342,
        "val_rmse/dataloader_idx_1": 0.015489652752876282,
        "val_smoothness_pred/dataloader_idx_1": 0.04547635465860367,
        "val_smoothness_diff/dataloader_idx_1": 0.005908679217100143,
        "val_diff_smoothness/dataloader_idx_1": 5.3157302318140864e-05
    }
}