{
    "uba_VAE": {
        "val_kl_divergence/dataloader_idx_0": 48.86891174316406,
        "val_tau_loss/dataloader_idx_0": 0.7359628081321716,
        "val_reg_loss/dataloader_idx_0": 0.0,
        "val_sdf_loss/dataloader_idx_0": 0.001467132824473083,
        "val_total_loss/dataloader_idx_0": 0.0014915664214640856,
        "val_mae/dataloader_idx_1": 0.019331635907292366,
        "val_rmse/dataloader_idx_1": 0.031096991151571274,
        "val_smoothness_diff/dataloader_idx_1": 0.016445033252239227
    },
    "uba_VAE_DeepSDF": {
        "val_kl_divergence/dataloader_idx_0": 49.0350456237793,
        "val_tau_loss/dataloader_idx_0": 0.6415444612503052,
        "val_reg_loss/dataloader_idx_0": 0.0,
        "val_sdf_loss/dataloader_idx_0": 0.0004515464243013412,
        "val_total_loss/dataloader_idx_0": 0.00047606343287043273,
        "val_mae/dataloader_idx_1": 0.007877988740801811,
        "val_rmse/dataloader_idx_1": 0.01822321116924286,
        "val_smoothness_diff/dataloader_idx_1": 0.007788281887769699
    }
}