{
    "uba_VAE_recon_dec": {
        "val_kl_divergence": 50.607234954833984,
        "val_tau_loss": 1.384819746017456,
        "val_reg_loss": 0.0,
        "val_reconstruction_loss": 8.006094140000641e-05,
        "val_total_loss": 0.00010536455374676734
    },
    "uba_VAE_DeepSDF_recon_dec": {
        "val_kl_divergence": 48.90874099731445,
        "val_tau_loss": 1.0520620346069336,
        "val_reg_loss": 0.0,
        "val_reconstruction_loss": 6.386762106558308e-05,
        "val_total_loss": 8.832199819153175e-05
    }
}