{
    "frst_MMD_VAE_20smf": {
        "val_tau_loss/dataloader_idx_0": 0.624303936958313,
        "val_reg_loss/dataloader_idx_0": 0.0,
        "val_mmd_loss/dataloader_idx_0": 0.019948704168200493,
        "val_sdf_loss/dataloader_idx_0": 0.00191917282063514,
        "val_total_loss/dataloader_idx_0": 0.0019193715415894985,
        "val_mae/dataloader_idx_1": 0.021097779273986816,
        "val_rmse/dataloader_idx_1": 0.03665318340063095,
        "val_smoothness_pred/dataloader_idx_1": 0.04922909662127495,
        "val_smoothness_diff/dataloader_idx_1": 0.017509691417217255,
        "val_diff_smoothness/dataloader_idx_1": 0.0038059079088270664
    },
    "frst_MMD_VAE_DeepSDF_20smf": {
        "val_tau_loss/dataloader_idx_0": 0.630405604839325,
        "val_reg_loss/dataloader_idx_0": 0.0,
        "val_mmd_loss/dataloader_idx_0": 0.011249606497585773,
        "val_sdf_loss/dataloader_idx_0": 0.0003704696719069034,
        "val_total_loss/dataloader_idx_0": 0.00037058163434267044,
        "val_mae/dataloader_idx_1": 0.006447747349739075,
        "val_rmse/dataloader_idx_1": 0.016137171536684036,
        "val_smoothness_pred/dataloader_idx_1": 0.045688457787036896,
        "val_smoothness_diff/dataloader_idx_1": 0.0060757179744541645,
        "val_diff_smoothness/dataloader_idx_1": 0.00026526677538640797
    }
}