{
    "scnd_AE_20smf": {
        "val_total_loss/dataloader_idx_0": 0.001390844234265387,
        "val_tau_loss/dataloader_idx_0": 0.3576295077800751,
        "val_reg_loss/dataloader_idx_0": 0.0007557939388789237,
        "val_sdf_loss/dataloader_idx_0": 0.0013832860859110951,
        "val_mae/dataloader_idx_1": 0.018809324130415916,
        "val_rmse/dataloader_idx_1": 0.03159863501787186,
        "val_smoothness_diff/dataloader_idx_1": 0.017296062782406807
    },
    "scnd_AE_DeepSDF_20smf": {
        "val_total_loss/dataloader_idx_0": 0.0008991854847408831,
        "val_tau_loss/dataloader_idx_0": 0.35873547196388245,
        "val_reg_loss/dataloader_idx_0": 0.0005602287710644305,
        "val_sdf_loss/dataloader_idx_0": 0.0008935827063396573,
        "val_mae/dataloader_idx_1": 0.008911589160561562,
        "val_rmse/dataloader_idx_1": 0.02263898216187954,
        "val_smoothness_diff/dataloader_idx_1": 0.008526605553925037
    }
}