{
    "scnd_VAE_20smf": {
        "val_kl_divergence": 51.08711242675781,
        "val_tau_loss": 0.6136445999145508,
        "val_reg_loss": 0.0,
        "val_reconstruction_loss": 7.384704804280773e-05,
        "val_total_loss": 9.939062147168443e-05
    },
    "scnd_VAE_DeepSDF_20smf": {
        "val_kl_divergence": 47.69794845581055,
        "val_tau_loss": 0.6247894167900085,
        "val_reg_loss": 0.0,
        "val_reconstruction_loss": 7.105353142833337e-05,
        "val_total_loss": 9.490249067312106e-05
    }
}