{
    "uba_frst_AE": {
        "val_total_loss/dataloader_idx_0": 0.0013096289476379752,
        "val_tau_loss/dataloader_idx_0": 0.4160788655281067,
        "val_reg_loss/dataloader_idx_0": 0.01325974054634571,
        "val_sdf_loss/dataloader_idx_0": 0.001177031546831131,
        "val_mae/dataloader_idx_1": 0.016776036471128464,
        "val_rmse/dataloader_idx_1": 0.027730189263820648,
        "val_smoothness_pred/dataloader_idx_1": 0.049511250108480453,
        "val_smoothness_diff/dataloader_idx_1": 0.01581513322889805,
        "val_diff_smoothness/dataloader_idx_1": 0.004324063193053007,
        "val_mi_original/dataloader_idx_2": 0.5145958065986633,
        "val_mi_tau/dataloader_idx_2": 0.43557894229888916,
        "val_z_original_std/dataloader_idx_2": 0.02888265810906887,
        "val_z_tau_std/dataloader_idx_2": 0.025109264999628067,
        "val_z_std_ratio/dataloader_idx_2": 1.2011715173721313,
        "val_mi_ratio/dataloader_idx_2": 1.2279753684997559,
        "val_tau_loss/dataloader_idx_2": 0.07554621994495392
    },
    "uba_frst_AE_DeepSDF": {
        "val_total_loss/dataloader_idx_0": 0.0004434694710653275,
        "val_tau_loss/dataloader_idx_0": 0.3959646224975586,
        "val_reg_loss/dataloader_idx_0": 0.009788686409592628,
        "val_sdf_loss/dataloader_idx_0": 0.00034558208426460624,
        "val_mae/dataloader_idx_1": 0.006018249783664942,
        "val_rmse/dataloader_idx_1": 0.015041692182421684,
        "val_smoothness_pred/dataloader_idx_1": 0.04536135494709015,
        "val_smoothness_diff/dataloader_idx_1": 0.005745560862123966,
        "val_diff_smoothness/dataloader_idx_1": 0.00017415903857909143,
        "val_mi_original/dataloader_idx_2": 0.49814796447753906,
        "val_mi_tau/dataloader_idx_2": 0.44012510776519775,
        "val_z_original_std/dataloader_idx_2": 0.02486233413219452,
        "val_z_tau_std/dataloader_idx_2": 0.03266304358839989,
        "val_z_std_ratio/dataloader_idx_2": 0.758191704750061,
        "val_mi_ratio/dataloader_idx_2": 1.2110456228256226,
        "val_tau_loss/dataloader_idx_2": 0.0795808658003807
    }
}