{
    "frst_VAE_20smf": {
        "val_kl_divergence/dataloader_idx_0": 69.95874786376953,
        "val_tau_loss/dataloader_idx_0": 1.1490768194198608,
        "val_reg_loss/dataloader_idx_0": 0.0,
        "val_sdf_loss/dataloader_idx_0": 0.0010556234046816826,
        "val_total_loss/dataloader_idx_0": 0.0010906027164310217,
        "val_mae/dataloader_idx_1": 0.017267322167754173,
        "val_rmse/dataloader_idx_1": 0.027256429195404053,
        "val_smoothness_pred/dataloader_idx_1": 0.04940460994839668,
        "val_smoothness_diff/dataloader_idx_1": 0.015479980036616325,
        "val_diff_smoothness/dataloader_idx_1": 0.003981420304626226
    },
    "frst_VAE_DeepSDF_20smf": {
        "val_kl_divergence/dataloader_idx_0": 78.45448303222656,
        "val_tau_loss/dataloader_idx_0": 0.5069934129714966,
        "val_reg_loss/dataloader_idx_0": 0.0,
        "val_sdf_loss/dataloader_idx_0": 0.00028038423624821007,
        "val_total_loss/dataloader_idx_0": 0.00031961165950633585,
        "val_mae/dataloader_idx_1": 0.005960783921182156,
        "val_rmse/dataloader_idx_1": 0.014374764636158943,
        "val_smoothness_pred/dataloader_idx_1": 0.045876480638980865,
        "val_smoothness_diff/dataloader_idx_1": 0.005813483614474535,
        "val_diff_smoothness/dataloader_idx_1": 0.0004532901511993259
    }
}