{
    "uba_AE": {
        "val_total_loss/dataloader_idx_0": 0.0015392443165183067,
        "val_tau_loss/dataloader_idx_0": 0.3612056374549866,
        "val_reg_loss/dataloader_idx_0": 0.0005512126954272389,
        "val_sdf_loss/dataloader_idx_0": 0.001533731585368514,
        "val_mae/dataloader_idx_1": 0.018378524109721184,
        "val_rmse/dataloader_idx_1": 0.03181275725364685,
        "val_smoothness_diff/dataloader_idx_1": 0.017536098137497902
    },
    "uba_AE_DeepSDF": {
        "val_total_loss/dataloader_idx_0": 0.0007918453775346279,
        "val_tau_loss/dataloader_idx_0": 0.37417516112327576,
        "val_reg_loss/dataloader_idx_0": 0.001053584273904562,
        "val_sdf_loss/dataloader_idx_0": 0.0007813100819475949,
        "val_mae/dataloader_idx_1": 0.008199642412364483,
        "val_rmse/dataloader_idx_1": 0.020953204482793808,
        "val_smoothness_diff/dataloader_idx_1": 0.007928596809506416
    }
}