{
    "scnd_VAE_20smf": {
        "val_kl_divergence": 49.7797737121582,
        "val_tau_loss": 0.6555542349815369,
        "val_reg_loss": 0.0,
        "val_reconstruction_loss": 8.21013018139638e-05,
        "val_total_loss": 0.00010699120321078226
    },
    "scnd_VAE_DeepSDF_20smf": {
        "val_kl_divergence": 47.95054244995117,
        "val_tau_loss": 2.4341297149658203,
        "val_reg_loss": 0.0,
        "val_reconstruction_loss": 7.757692219456658e-05,
        "val_total_loss": 0.00010155218478757888
    }
}