{
    "frst_AE_20smf": {
        "val_reconstruction_loss": 0.0002501067065168172
    },
    "frst_AE_DeepSDF_20smf": {
        "val_reconstruction_loss": 0.00021659799676854163
    }
}