{
    "scnd_AE_20smf": {
        "val_total_loss/dataloader_idx_0": 0.001690225093625486,
        "val_tau_loss/dataloader_idx_0": 0.36038050055503845,
        "val_reg_loss/dataloader_idx_0": 0.00055024737957865,
        "val_sdf_loss/dataloader_idx_0": 0.0016847216757014394,
        "val_mae/dataloader_idx_1": 0.0198318213224411,
        "val_rmse/dataloader_idx_1": 0.03406774625182152,
        "val_smoothness_diff/dataloader_idx_1": 0.017186859622597694
    },
    "scnd_AE_DeepSDF_20smf": {
        "val_total_loss/dataloader_idx_0": 0.0008339947089552879,
        "val_tau_loss/dataloader_idx_0": 0.3596721291542053,
        "val_reg_loss/dataloader_idx_0": 0.0004381158505566418,
        "val_sdf_loss/dataloader_idx_0": 0.000829612894449383,
        "val_mae/dataloader_idx_1": 0.008962168358266354,
        "val_rmse/dataloader_idx_1": 0.022626088932156563,
        "val_smoothness_diff/dataloader_idx_1": 0.008510041981935501
    }
}