{
    "scnd_AE_20smf": {
        "val_total_loss/dataloader_idx_0": 0.0012896847911179066,
        "val_tau_loss/dataloader_idx_0": 0.3729664087295532,
        "val_reg_loss/dataloader_idx_0": 0.000915776879992336,
        "val_sdf_loss/dataloader_idx_0": 0.001280526164919138,
        "val_mae/dataloader_idx_1": 0.01842835359275341,
        "val_rmse/dataloader_idx_1": 0.030555780977010727,
        "val_smoothness_diff/dataloader_idx_1": 0.017020173370838165
    },
    "scnd_AE_DeepSDF_20smf": {
        "val_total_loss/dataloader_idx_0": 0.0008120978018268943,
        "val_tau_loss/dataloader_idx_0": 0.35173365473747253,
        "val_reg_loss/dataloader_idx_0": 0.0006044040201231837,
        "val_sdf_loss/dataloader_idx_0": 0.0008060544496402144,
        "val_mae/dataloader_idx_1": 0.008792219683527946,
        "val_rmse/dataloader_idx_1": 0.022598229348659515,
        "val_smoothness_diff/dataloader_idx_1": 0.00834752433001995
    }
}