{
    "frst_AE_10smf": {
        "val_reconstruction_loss": 0.00016879172471817583
    },
    "frst_AE_DeepSDF_10smf": {
        "val_reconstruction_loss": 0.00020930106984451413
    },
    "frst_AE_20smf": {
        "val_reconstruction_loss": 0.00024316662165801972
    },
    "frst_AE_DeepSDF_20smf": {
        "val_reconstruction_loss": 0.000303696928313002
    }
}