{
    "frst_VAE_20smf": {
        "val_kl_divergence/dataloader_idx_0": 68.32490539550781,
        "val_tau_loss/dataloader_idx_0": 1.6151221990585327,
        "val_reg_loss/dataloader_idx_0": 0.0,
        "val_sdf_loss/dataloader_idx_0": 0.0011719664325937629,
        "val_total_loss/dataloader_idx_0": 0.0012061286251991987,
        "val_mae/dataloader_idx_1": 0.017915578559041023,
        "val_rmse/dataloader_idx_1": 0.028992826119065285,
        "val_smoothness_pred/dataloader_idx_1": 0.04995192214846611,
        "val_smoothness_diff/dataloader_idx_1": 0.016649065539240837,
        "val_diff_smoothness/dataloader_idx_1": 0.004528733901679516
    },
    "frst_VAE_DeepSDF_20smf": {
        "val_kl_divergence/dataloader_idx_0": 79.56885528564453,
        "val_tau_loss/dataloader_idx_0": 0.6477158069610596,
        "val_reg_loss/dataloader_idx_0": 0.0,
        "val_sdf_loss/dataloader_idx_0": 0.000282210239674896,
        "val_total_loss/dataloader_idx_0": 0.00032199398265220225,
        "val_mae/dataloader_idx_1": 0.005681154318153858,
        "val_rmse/dataloader_idx_1": 0.014148029498755932,
        "val_smoothness_pred/dataloader_idx_1": 0.04585474729537964,
        "val_smoothness_diff/dataloader_idx_1": 0.005664715077728033,
        "val_diff_smoothness/dataloader_idx_1": 0.0004315539845265448
    }
}