{
    "frst_MMD_VAE_20smf": {
        "val_reconstruction_loss": 0.00023399025667458773
    },
    "frst_MMD_VAE_DeepSDF_20smf": {
        "val_reconstruction_loss": 0.000295186007861048
    }
}