{
    "scnd_MMD_VAE_20smf": {
        "val_tau_loss/dataloader_idx_0": 1.5417126417160034,
        "val_reg_loss/dataloader_idx_0": 0.0,
        "val_mmd_loss/dataloader_idx_0": 0.16364224255084991,
        "val_sdf_loss/dataloader_idx_0": 0.001589392893947661,
        "val_total_loss/dataloader_idx_0": 0.0015910271322354674,
        "val_mae/dataloader_idx_1": 0.019916873425245285,
        "val_rmse/dataloader_idx_1": 0.03248201310634613,
        "val_smoothness_diff/dataloader_idx_1": 0.017089318484067917
    },
    "scnd_MMD_VAE_DeepSDF_20smf": {
        "val_tau_loss/dataloader_idx_0": 1.3675334453582764,
        "val_reg_loss/dataloader_idx_0": 0.0,
        "val_mmd_loss/dataloader_idx_0": 0.14859192073345184,
        "val_sdf_loss/dataloader_idx_0": 0.0006598386680707335,
        "val_total_loss/dataloader_idx_0": 0.0006613241275772452,
        "val_mae/dataloader_idx_1": 0.008949282579123974,
        "val_rmse/dataloader_idx_1": 0.022228410467505455,
        "val_smoothness_diff/dataloader_idx_1": 0.008438250049948692
    }
}