{
    "uba_MMD_VAE_recon_dec": {
        "val_tau_loss": 2.2798573970794678,
        "val_reg_loss": 0.0,
        "val_mmd_loss": 0.0061580161564052105,
        "val_reconstruction_loss": 0.00016078242333605886,
        "val_total_loss": 0.00016084397793747485
    },
    "uba_MMD_VAE_DeepSDF_recon_dec": {
        "val_tau_loss": 0.8085659146308899,
        "val_reg_loss": 0.0,
        "val_mmd_loss": 0.004813916049897671,
        "val_reconstruction_loss": 0.0001802105689421296,
        "val_total_loss": 0.00018025870667770505
    }
}