{
    "scnd_VAE_20smf": {
        "val_kl_divergence/dataloader_idx_0": 48.489376068115234,
        "val_tau_loss/dataloader_idx_0": 1.2107174396514893,
        "val_reg_loss/dataloader_idx_0": 0.0,
        "val_sdf_loss/dataloader_idx_0": 0.0011812389129772782,
        "val_total_loss/dataloader_idx_0": 0.0012054829858243465,
        "val_mae/dataloader_idx_1": 0.01818355917930603,
        "val_rmse/dataloader_idx_1": 0.028721529990434647,
        "val_smoothness_diff/dataloader_idx_1": 0.016134396195411682
    }
}