{
    "frst_MMD_VAE_20smf": {
        "val_tau_loss/dataloader_idx_0": 0.46843791007995605,
        "val_reg_loss/dataloader_idx_0": 0.0,
        "val_mmd_loss/dataloader_idx_0": 0.02399497665464878,
        "val_sdf_loss/dataloader_idx_0": 0.001335261738859117,
        "val_total_loss/dataloader_idx_0": 0.001335499924607575,
        "val_mae/dataloader_idx_1": 0.01848497800529003,
        "val_rmse/dataloader_idx_1": 0.029322726652026176,
        "val_smoothness_pred/dataloader_idx_1": 0.0486830472946167,
        "val_smoothness_diff/dataloader_idx_1": 0.016002949327230453,
        "val_diff_smoothness/dataloader_idx_1": 0.0032598567195236683
    },
    "frst_MMD_VAE_DeepSDF_20smf": {
        "val_tau_loss/dataloader_idx_0": 0.373261958360672,
        "val_reg_loss/dataloader_idx_0": 0.0,
        "val_mmd_loss/dataloader_idx_0": 0.011324012652039528,
        "val_sdf_loss/dataloader_idx_0": 0.00033823688863776624,
        "val_total_loss/dataloader_idx_0": 0.00033834902569651604,
        "val_mae/dataloader_idx_1": 0.0064859273843467236,
        "val_rmse/dataloader_idx_1": 0.015492979437112808,
        "val_smoothness_pred/dataloader_idx_1": 0.045414336025714874,
        "val_smoothness_diff/dataloader_idx_1": 0.005978268571197987,
        "val_diff_smoothness/dataloader_idx_1": -8.857244210958015e-06
    }
}