{
    "frst_VAE_20smf": {
        "val_reconstruction_loss": 0.00015443243319168687
    },
    "frst_VAE_DeepSDF_20smf": {
        "val_reconstruction_loss": 0.00024521915474906564
    }
}