{
    "scnd_MMD_VAE_20smf": {
        "val_tau_loss": 2.341405153274536,
        "val_reg_loss": 0.0,
        "val_mmd_loss": 0.00511076720431447,
        "val_reconstruction_loss": 0.00022341954172588885,
        "val_total_loss": 0.0002234706043964252
    },
    "scnd_MMD_VAE_DeepSDF_20smf": {
        "val_tau_loss": 0.5500598549842834,
        "val_reg_loss": 0.0,
        "val_mmd_loss": 0.004125283565372229,
        "val_reconstruction_loss": 0.00019459950271993876,
        "val_total_loss": 0.00019464078650344163
    }
}