{
    "frst_MMD_VAE_20smf": {
        "val_reconstruction_loss": 0.0002283667417941615
    },
    "frst_MMD_VAE_DeepSDF_20smf": {
        "val_reconstruction_loss": 0.0002208203950431198
    }
}