{
    "frst_VAE_20smf": {
        "val_kl_divergence/dataloader_idx_0": 67.10840606689453,
        "val_tau_loss/dataloader_idx_0": 1.1080816984176636,
        "val_reg_loss/dataloader_idx_0": 0.0,
        "val_sdf_loss/dataloader_idx_0": 0.001289759879000485,
        "val_total_loss/dataloader_idx_0": 0.0013233093777671456,
        "val_mae/dataloader_idx_1": 0.01758566126227379,
        "val_rmse/dataloader_idx_1": 0.02967277355492115,
        "val_smoothness_pred/dataloader_idx_1": 0.04878532513976097,
        "val_smoothness_diff/dataloader_idx_1": 0.016001088544726372,
        "val_diff_smoothness/dataloader_idx_1": 0.0033621329348534346
    },
    "frst_VAE_DeepSDF_20smf": {
        "val_kl_divergence/dataloader_idx_0": 79.25082397460938,
        "val_tau_loss/dataloader_idx_0": 0.2478535771369934,
        "val_reg_loss/dataloader_idx_0": 0.0,
        "val_sdf_loss/dataloader_idx_0": 0.00026965190772898495,
        "val_total_loss/dataloader_idx_0": 0.0003092771512456238,
        "val_mae/dataloader_idx_1": 0.005862710066139698,
        "val_rmse/dataloader_idx_1": 0.014243285171687603,
        "val_smoothness_pred/dataloader_idx_1": 0.045718174427747726,
        "val_smoothness_diff/dataloader_idx_1": 0.005764232017099857,
        "val_diff_smoothness/dataloader_idx_1": 0.0002949842601083219
    }
}