{
    "uba_frst_MMD_VAE": {
        "val_reconstruction_loss": 0.00023772918211761862
    },
    "uba_frst_MMD_VAE_DeepSDF": {
        "val_reconstruction_loss": 0.00024405555450357497
    }
}