{
    "scnd_AE_20smf": {
        "val_total_loss": 0.0001836299488786608,
        "val_tau_loss": 0.3819241225719452,
        "val_reg_loss": 0.0003446785267442465,
        "val_reconstruction_loss": 0.00018018315313383937
    },
    "scnd_AE_DeepSDF_20smf": {
        "val_total_loss": 0.00020550217595882714,
        "val_tau_loss": 0.3809506595134735,
        "val_reg_loss": 0.00040445986087433994,
        "val_reconstruction_loss": 0.00020145761664025486
    }
}