{
    "frst_VAE": {
        "val_kl_divergence/dataloader_idx_0": 69.30870056152344,
        "val_tau_loss/dataloader_idx_0": 0.5524013042449951,
        "val_reg_loss/dataloader_idx_0": 0.0,
        "val_sdf_loss/dataloader_idx_0": 0.002118063159286976,
        "val_total_loss/dataloader_idx_0": 0.002152710221707821,
        "val_mae/dataloader_idx_1": 0.021189648658037186,
        "val_rmse/dataloader_idx_1": 0.037279848009347916,
        "val_smoothness_pred/dataloader_idx_1": 0.0459214448928833,
        "val_smoothness_diff/dataloader_idx_1": 0.017147421836853027,
        "val_diff_smoothness/dataloader_idx_1": 0.003023318713530898,
        "val_mi_original/dataloader_idx_2": 0.4101361334323883,
        "val_mi_tau/dataloader_idx_2": 0.36199048161506653,
        "val_z_original_std/dataloader_idx_2": 0.08136817067861557,
        "val_z_tau_std/dataloader_idx_2": 0.07144419848918915,
        "val_z_std_ratio/dataloader_idx_2": 1.129238486289978,
        "val_mi_ratio/dataloader_idx_2": 1.1682944297790527,
        "val_tau_loss/dataloader_idx_2": 0.36967480182647705
    },
    "frst_VAE_DeepSDF": {
        "val_kl_divergence/dataloader_idx_0": 78.70693969726562,
        "val_tau_loss/dataloader_idx_0": 0.4601239264011383,
        "val_reg_loss/dataloader_idx_0": 0.0,
        "val_sdf_loss/dataloader_idx_0": 0.00042561886948533356,
        "val_total_loss/dataloader_idx_0": 0.0004649729817174375,
        "val_mae/dataloader_idx_1": 0.005785114597529173,
        "val_rmse/dataloader_idx_1": 0.013970728032290936,
        "val_smoothness_pred/dataloader_idx_1": 0.04322679340839386,
        "val_smoothness_diff/dataloader_idx_1": 0.005696831736713648,
        "val_diff_smoothness/dataloader_idx_1": 0.00032866961555555463,
        "val_mi_original/dataloader_idx_2": 0.46931716799736023,
        "val_mi_tau/dataloader_idx_2": 0.4758082926273346,
        "val_z_original_std/dataloader_idx_2": 0.05813604220747948,
        "val_z_tau_std/dataloader_idx_2": 0.07967280596494675,
        "val_z_std_ratio/dataloader_idx_2": 0.7522675395011902,
        "val_mi_ratio/dataloader_idx_2": 1.1092697381973267,
        "val_tau_loss/dataloader_idx_2": 0.12458950281143188
    },
    "frst_VAE_10smf": {
        "val_kl_divergence/dataloader_idx_0": 65.78951263427734,
        "val_tau_loss/dataloader_idx_0": 0.5539038777351379,
        "val_reg_loss/dataloader_idx_0": 0.0,
        "val_sdf_loss/dataloader_idx_0": 0.0006490102969110012,
        "val_total_loss/dataloader_idx_0": 0.0006819046684540808,
        "val_mae/dataloader_idx_1": 0.013669533655047417,
        "val_rmse/dataloader_idx_1": 0.019814137369394302,
        "val_smoothness_pred/dataloader_idx_1": 0.04193894565105438,
        "val_smoothness_diff/dataloader_idx_1": 0.009857326745986938,
        "val_diff_smoothness/dataloader_idx_1": 0.0009220631327480078
    },
    "frst_VAE_DeepSDF_10smf": {
        "val_kl_divergence/dataloader_idx_0": 74.36354064941406,
        "val_tau_loss/dataloader_idx_0": 0.6998088955879211,
        "val_reg_loss/dataloader_idx_0": 0.0,
        "val_sdf_loss/dataloader_idx_0": 0.000239187604165636,
        "val_total_loss/dataloader_idx_0": 0.00027636822778731585,
        "val_mae/dataloader_idx_1": 0.0060035791248083115,
        "val_rmse/dataloader_idx_1": 0.0102582648396492,
        "val_smoothness_pred/dataloader_idx_1": 0.04111368954181671,
        "val_smoothness_diff/dataloader_idx_1": 0.004529682453721762,
        "val_diff_smoothness/dataloader_idx_1": 9.680153743829578e-05
    },
    "frst_VAE_20smf": {
        "val_kl_divergence/dataloader_idx_0": 68.48242950439453,
        "val_tau_loss/dataloader_idx_0": 0.5326162576675415,
        "val_reg_loss/dataloader_idx_0": 0.0,
        "val_sdf_loss/dataloader_idx_0": 0.0016864326316863298,
        "val_total_loss/dataloader_idx_0": 0.001720681320875883,
        "val_mae/dataloader_idx_1": 0.020297294482588768,
        "val_rmse/dataloader_idx_1": 0.03454842418432236,
        "val_smoothness_pred/dataloader_idx_1": 0.04931560531258583,
        "val_smoothness_diff/dataloader_idx_1": 0.017305800691246986,
        "val_diff_smoothness/dataloader_idx_1": 0.003892413340508938
    },
    "frst_VAE_DeepSDF_20smf": {
        "val_kl_divergence/dataloader_idx_0": 78.48880004882812,
        "val_tau_loss/dataloader_idx_0": 0.45372700691223145,
        "val_reg_loss/dataloader_idx_0": 0.0,
        "val_sdf_loss/dataloader_idx_0": 0.00029614329105243087,
        "val_total_loss/dataloader_idx_0": 0.000335386605001986,
        "val_mae/dataloader_idx_1": 0.005997845903038979,
        "val_rmse/dataloader_idx_1": 0.0143476827070117,
        "val_smoothness_pred/dataloader_idx_1": 0.04570465907454491,
        "val_smoothness_diff/dataloader_idx_1": 0.005796328652650118,
        "val_diff_smoothness/dataloader_idx_1": 0.00028147254488430917
    }
}