{
    "frst_MMD_VAE_20smf": {
        "val_reconstruction_loss": 0.00019085787062067538
    },
    "frst_MMD_VAE_DeepSDF_20smf": {
        "val_reconstruction_loss": 0.0002706979576032609
    }
}