{
    "scnd_MMD_VAE_20smf": {
        "val_tau_loss/dataloader_idx_0": 3.2626702785491943,
        "val_reg_loss/dataloader_idx_0": 0.0,
        "val_mmd_loss/dataloader_idx_0": 0.15040618181228638,
        "val_sdf_loss/dataloader_idx_0": 0.0018644984811544418,
        "val_total_loss/dataloader_idx_0": 0.001866001170128584,
        "val_mae/dataloader_idx_1": 0.021517431363463402,
        "val_rmse/dataloader_idx_1": 0.036769624799489975,
        "val_smoothness_diff/dataloader_idx_1": 0.01821478083729744
    },
    "scnd_MMD_VAE_DeepSDF_20smf": {
        "val_tau_loss/dataloader_idx_0": 5.657467365264893,
        "val_reg_loss/dataloader_idx_0": 0.0,
        "val_mmd_loss/dataloader_idx_0": 0.16595116257667542,
        "val_sdf_loss/dataloader_idx_0": 0.000678815005812794,
        "val_total_loss/dataloader_idx_0": 0.0006804743898101151,
        "val_mae/dataloader_idx_1": 0.008912533521652222,
        "val_rmse/dataloader_idx_1": 0.021739821881055832,
        "val_smoothness_diff/dataloader_idx_1": 0.008576574735343456
    }
}