{
    "scnd_MMD_VAE_20smf": {
        "val_tau_loss/dataloader_idx_0": 4.180246829986572,
        "val_reg_loss/dataloader_idx_0": 0.0,
        "val_mmd_loss/dataloader_idx_0": 0.1462792009115219,
        "val_sdf_loss/dataloader_idx_0": 0.0012805650476366282,
        "val_total_loss/dataloader_idx_0": 0.0012820287374779582,
        "val_mae/dataloader_idx_1": 0.018002299591898918,
        "val_rmse/dataloader_idx_1": 0.02904292196035385,
        "val_smoothness_diff/dataloader_idx_1": 0.016219094395637512
    },
    "scnd_MMD_VAE_DeepSDF_20smf": {
        "val_tau_loss/dataloader_idx_0": 6.709874153137207,
        "val_reg_loss/dataloader_idx_0": 0.0,
        "val_mmd_loss/dataloader_idx_0": 0.17850130796432495,
        "val_sdf_loss/dataloader_idx_0": 0.0005652325926348567,
        "val_total_loss/dataloader_idx_0": 0.00056701764697209,
        "val_mae/dataloader_idx_1": 0.008212734013795853,
        "val_rmse/dataloader_idx_1": 0.02076200768351555,
        "val_smoothness_diff/dataloader_idx_1": 0.007940366864204407
    }
}