{
    "uba_AE": {
        "val_total_loss/dataloader_idx_0": 0.0014855621848255396,
        "val_tau_loss/dataloader_idx_0": 0.3740166127681732,
        "val_reg_loss/dataloader_idx_0": 0.0005866576102562249,
        "val_sdf_loss/dataloader_idx_0": 0.0014796938048675656,
        "val_mae/dataloader_idx_1": 0.01885155402123928,
        "val_rmse/dataloader_idx_1": 0.031948529183864594,
        "val_smoothness_diff/dataloader_idx_1": 0.017193276435136795
    },
    "uba_AE_DeepSDF": {
        "val_total_loss/dataloader_idx_0": 0.000768868310842663,
        "val_tau_loss/dataloader_idx_0": 0.3540012836456299,
        "val_reg_loss/dataloader_idx_0": 0.0011818154016509652,
        "val_sdf_loss/dataloader_idx_0": 0.0007570506422780454,
        "val_mae/dataloader_idx_1": 0.007803178392350674,
        "val_rmse/dataloader_idx_1": 0.019522488117218018,
        "val_smoothness_diff/dataloader_idx_1": 0.007559305988252163
    }
}