{
    "frst_AE_20smf": {
        "val_total_loss/dataloader_idx_0": 0.0014535346999764442,
        "val_tau_loss/dataloader_idx_0": 0.3491392731666565,
        "val_reg_loss/dataloader_idx_0": 0.012273384258151054,
        "val_sdf_loss/dataloader_idx_0": 0.0013308023335412145,
        "val_mae/dataloader_idx_1": 0.01902448572218418,
        "val_rmse/dataloader_idx_1": 0.03066418319940567,
        "val_smoothness_pred/dataloader_idx_1": 0.0505840927362442,
        "val_smoothness_diff/dataloader_idx_1": 0.0168923307210207,
        "val_diff_smoothness/dataloader_idx_1": 0.005160901229828596
    },
    "frst_AE_DeepSDF_20smf": {
        "val_total_loss/dataloader_idx_0": 0.00044903901289217174,
        "val_tau_loss/dataloader_idx_0": 0.3582365810871124,
        "val_reg_loss/dataloader_idx_0": 0.009907170198857784,
        "val_sdf_loss/dataloader_idx_0": 0.00034996645990759134,
        "val_mae/dataloader_idx_1": 0.006342403125017881,
        "val_rmse/dataloader_idx_1": 0.015544909983873367,
        "val_smoothness_pred/dataloader_idx_1": 0.04556497186422348,
        "val_smoothness_diff/dataloader_idx_1": 0.005894822999835014,
        "val_diff_smoothness/dataloader_idx_1": 0.00014179214485920966
    }
}