{
    "scnd_AE_20smf": {
        "val_total_loss": 0.00021608731185551733,
        "val_tau_loss": 0.38357019424438477,
        "val_reg_loss": 0.0006794076762162149,
        "val_reconstruction_loss": 0.00020929322636220604
    },
    "scnd_AE_DeepSDF_20smf": {
        "val_total_loss": 0.0002468561287969351,
        "val_tau_loss": 0.38660192489624023,
        "val_reg_loss": 0.0005357346963137388,
        "val_reconstruction_loss": 0.0002414987829979509
    }
}