{
    "frst_AE_20smf": {
        "val_total_loss/dataloader_idx_0": 0.0013774189865216613,
        "val_tau_loss/dataloader_idx_0": 0.33778536319732666,
        "val_reg_loss/dataloader_idx_0": 0.01188480295240879,
        "val_sdf_loss/dataloader_idx_0": 0.00125857291277498,
        "val_mae/dataloader_idx_1": 0.01768459938466549,
        "val_rmse/dataloader_idx_1": 0.02938603051006794,
        "val_smoothness_pred/dataloader_idx_1": 0.049960482865571976,
        "val_smoothness_diff/dataloader_idx_1": 0.016294265165925026,
        "val_diff_smoothness/dataloader_idx_1": 0.0045372978784143925
    },
    "frst_AE_DeepSDF_20smf": {
        "val_total_loss/dataloader_idx_0": 0.00046005871263332665,
        "val_tau_loss/dataloader_idx_0": 0.45141124725341797,
        "val_reg_loss/dataloader_idx_0": 0.009901001118123531,
        "val_sdf_loss/dataloader_idx_0": 0.00036105074104852974,
        "val_mae/dataloader_idx_1": 0.006421892438083887,
        "val_rmse/dataloader_idx_1": 0.015851203352212906,
        "val_smoothness_pred/dataloader_idx_1": 0.045600347220897675,
        "val_smoothness_diff/dataloader_idx_1": 0.005992762744426727,
        "val_diff_smoothness/dataloader_idx_1": 0.00017715521971695125
    }
}