{
    "uba_MMD_VAE_recon_dec": {
        "val_tau_loss": 0.7896783351898193,
        "val_reg_loss": 0.0,
        "val_mmd_loss": 0.006463628262281418,
        "val_reconstruction_loss": 0.00017680722521618009,
        "val_total_loss": 0.00017687189392745495
    },
    "uba_MMD_VAE_DeepSDF_recon_dec": {
        "val_tau_loss": 2.69222354888916,
        "val_reg_loss": 0.0,
        "val_mmd_loss": 0.005485160741955042,
        "val_reconstruction_loss": 0.00018417663522996008,
        "val_total_loss": 0.00018423151050228626
    }
}