{
    "scnd_AE_20smf": {
        "val_total_loss": 0.0002488964528311044,
        "val_tau_loss": 0.39523762464523315,
        "val_reg_loss": 0.00048120770952664316,
        "val_reconstruction_loss": 0.00024408432363998145
    },
    "scnd_AE_DeepSDF_20smf": {
        "val_total_loss": 0.0002551908837631345,
        "val_tau_loss": 0.38523373007774353,
        "val_reg_loss": 0.000759635993745178,
        "val_reconstruction_loss": 0.00024759455118328333
    }
}