{
    "scnd_MMD_VAE_20smf": {
        "val_tau_loss": 1.5240147113800049,
        "val_reg_loss": 0.0,
        "val_mmd_loss": 0.009200846776366234,
        "val_reconstruction_loss": 0.000182062154635787,
        "val_total_loss": 0.0001821541809476912
    },
    "scnd_MMD_VAE_DeepSDF_20smf": {
        "val_tau_loss": 2.4731156826019287,
        "val_reg_loss": 0.0,
        "val_mmd_loss": 0.006022564601153135,
        "val_reconstruction_loss": 0.00020794918236788362,
        "val_total_loss": 0.0002080093981930986
    }
}