{
    "frst_VAE": {
        "val_reconstruction_loss": 8.681458712089807e-05
    },
    "frst_VAE_DeepSDF": {
        "val_reconstruction_loss": 0.00013724109157919884
    },
    "frst_VAE_10smf": {
        "val_reconstruction_loss": 9.88861866062507e-05
    },
    "frst_VAE_DeepSDF_10smf": {
        "val_reconstruction_loss": 0.00017388023843523115
    },
    "frst_VAE_20smf": {
        "val_reconstruction_loss": 9.448781202081591e-05
    },
    "frst_VAE_DeepSDF_20smf": {
        "val_reconstruction_loss": 0.00018662589718587697
    }
}