{
    "scnd_MMD_VAE_20smf": {
        "val_tau_loss": 1.5650017261505127,
        "val_reg_loss": 0.0,
        "val_mmd_loss": 0.0045896852388978004,
        "val_reconstruction_loss": 0.0002160178410122171,
        "val_total_loss": 0.00021606370864901692
    },
    "scnd_MMD_VAE_DeepSDF_20smf": {
        "val_tau_loss": 4.1863603591918945,
        "val_reg_loss": 0.0,
        "val_mmd_loss": 0.006526280660182238,
        "val_reconstruction_loss": 0.00023785523080732673,
        "val_total_loss": 0.00023792048159521073
    }
}