{
    "scnd_VAE_10smf": {
        "val_kl_divergence/dataloader_idx_0": 48.93522644042969,
        "val_tau_loss/dataloader_idx_0": 0.7057828307151794,
        "val_reg_loss/dataloader_idx_0": 0.0,
        "val_sdf_loss/dataloader_idx_0": 0.0011625937186181545,
        "val_total_loss/dataloader_idx_0": 0.0011870608432218432,
        "val_mae/dataloader_idx_1": 0.015247028321027756,
        "val_rmse/dataloader_idx_1": 0.021711021661758423,
        "val_smoothness_diff/dataloader_idx_1": 0.010442879982292652
    },
    "scnd_VAE_DeepSDF_10smf": {
        "val_kl_divergence/dataloader_idx_0": 48.65978240966797,
        "val_tau_loss/dataloader_idx_0": 1.5382297039031982,
        "val_reg_loss/dataloader_idx_0": 0.0,
        "val_sdf_loss/dataloader_idx_0": 0.0007977427449077368,
        "val_total_loss/dataloader_idx_0": 0.0008220729068852961,
        "val_mae/dataloader_idx_1": 0.00969847571104765,
        "val_rmse/dataloader_idx_1": 0.01644860953092575,
        "val_smoothness_diff/dataloader_idx_1": 0.006347383838146925
    },
    "scnd_VAE_20smf": {
        "val_kl_divergence/dataloader_idx_0": 48.661434173583984,
        "val_tau_loss/dataloader_idx_0": 0.39995133876800537,
        "val_reg_loss/dataloader_idx_0": 0.0,
        "val_sdf_loss/dataloader_idx_0": 0.0015903289895504713,
        "val_total_loss/dataloader_idx_0": 0.0016146592097356915,
        "val_mae/dataloader_idx_1": 0.020479636266827583,
        "val_rmse/dataloader_idx_1": 0.03378720209002495,
        "val_smoothness_diff/dataloader_idx_1": 0.01767875626683235
    },
    "scnd_VAE_DeepSDF_20smf": {
        "val_kl_divergence/dataloader_idx_0": 46.84612274169922,
        "val_tau_loss/dataloader_idx_0": 1.0686007738113403,
        "val_reg_loss/dataloader_idx_0": 0.0,
        "val_sdf_loss/dataloader_idx_0": 0.00047673587687313557,
        "val_total_loss/dataloader_idx_0": 0.0005001591634936631,
        "val_mae/dataloader_idx_1": 0.008367682807147503,
        "val_rmse/dataloader_idx_1": 0.019884493201971054,
        "val_smoothness_diff/dataloader_idx_1": 0.008137427270412445
    }
}