{
    "frst_AE_20smf": {
        "val_total_loss/dataloader_idx_0": 0.0014063833514228463,
        "val_tau_loss/dataloader_idx_0": 0.3147696256637573,
        "val_reg_loss/dataloader_idx_0": 0.013012112118303776,
        "val_sdf_loss/dataloader_idx_0": 0.0012762685073539615,
        "val_mae/dataloader_idx_1": 0.017652934417128563,
        "val_rmse/dataloader_idx_1": 0.029793644323945045,
        "val_smoothness_pred/dataloader_idx_1": 0.04939191788434982,
        "val_smoothness_diff/dataloader_idx_1": 0.015896456316113472,
        "val_diff_smoothness/dataloader_idx_1": 0.003968722652643919
    },
    "frst_AE_DeepSDF_20smf": {
        "val_total_loss/dataloader_idx_0": 0.00043269849265925586,
        "val_tau_loss/dataloader_idx_0": 0.3715600073337555,
        "val_reg_loss/dataloader_idx_0": 0.00957229919731617,
        "val_sdf_loss/dataloader_idx_0": 0.0003369743935763836,
        "val_mae/dataloader_idx_1": 0.006183513440191746,
        "val_rmse/dataloader_idx_1": 0.015161404386162758,
        "val_smoothness_pred/dataloader_idx_1": 0.045548755675554276,
        "val_smoothness_diff/dataloader_idx_1": 0.005790351890027523,
        "val_diff_smoothness/dataloader_idx_1": 0.00012556579895317554
    }
}