{
    "frst_AE_20smf": {
        "val_total_loss/dataloader_idx_0": 0.0016479006735607982,
        "val_tau_loss/dataloader_idx_0": 0.35064634680747986,
        "val_reg_loss/dataloader_idx_0": 0.012650090269744396,
        "val_sdf_loss/dataloader_idx_0": 0.0015213984297588468,
        "val_mae/dataloader_idx_1": 0.0189574733376503,
        "val_rmse/dataloader_idx_1": 0.031772080808877945,
        "val_smoothness_pred/dataloader_idx_1": 0.04986019805073738,
        "val_smoothness_diff/dataloader_idx_1": 0.01679827831685543,
        "val_diff_smoothness/dataloader_idx_1": 0.004437013994902372
    },
    "frst_AE_DeepSDF_20smf": {
        "val_total_loss/dataloader_idx_0": 0.00045018046512268484,
        "val_tau_loss/dataloader_idx_0": 0.3359411656856537,
        "val_reg_loss/dataloader_idx_0": 0.009919892996549606,
        "val_sdf_loss/dataloader_idx_0": 0.00035098273656331003,
        "val_mae/dataloader_idx_1": 0.00618929136544466,
        "val_rmse/dataloader_idx_1": 0.015354780480265617,
        "val_smoothness_pred/dataloader_idx_1": 0.04565802589058876,
        "val_smoothness_diff/dataloader_idx_1": 0.0057810451835393906,
        "val_diff_smoothness/dataloader_idx_1": 0.00023483700351789594
    }
}