{
    "scnd_VAE_20smf": {
        "val_kl_divergence": 46.243568420410156,
        "val_tau_loss": 0.7144063711166382,
        "val_reg_loss": 0.0,
        "val_reconstruction_loss": 7.073726010276005e-05,
        "val_total_loss": 9.38590383157134e-05
    },
    "scnd_VAE_DeepSDF_20smf": {
        "val_kl_divergence": 47.984981536865234,
        "val_tau_loss": 0.360445111989975,
        "val_reg_loss": 0.0,
        "val_reconstruction_loss": 6.816044333390892e-05,
        "val_total_loss": 9.215292084263638e-05
    }
}