{
    "scnd_VAE_20smf": {
        "val_kl_divergence/dataloader_idx_0": 47.61336898803711,
        "val_tau_loss/dataloader_idx_0": 0.703874409198761,
        "val_reg_loss/dataloader_idx_0": 0.0,
        "val_sdf_loss/dataloader_idx_0": 0.001346040633507073,
        "val_total_loss/dataloader_idx_0": 0.0013698461698368192,
        "val_mae/dataloader_idx_1": 0.019380366429686546,
        "val_rmse/dataloader_idx_1": 0.03105451539158821,
        "val_smoothness_diff/dataloader_idx_1": 0.016499308869242668
    },
    "scnd_VAE_DeepSDF_20smf": {
        "val_kl_divergence/dataloader_idx_0": 48.96714782714844,
        "val_tau_loss/dataloader_idx_0": 1.1594784259796143,
        "val_reg_loss/dataloader_idx_0": 0.0,
        "val_sdf_loss/dataloader_idx_0": 0.0004773602413479239,
        "val_total_loss/dataloader_idx_0": 0.0005018438096158206,
        "val_mae/dataloader_idx_1": 0.00840641837567091,
        "val_rmse/dataloader_idx_1": 0.01954999752342701,
        "val_smoothness_diff/dataloader_idx_1": 0.008025840856134892
    }
}