{
    "scnd_AE_20smf": {
        "val_total_loss/dataloader_idx_0": 0.0014099697582423687,
        "val_tau_loss/dataloader_idx_0": 0.35753583908081055,
        "val_reg_loss/dataloader_idx_0": 0.001012636930681765,
        "val_sdf_loss/dataloader_idx_0": 0.0013998458161950111,
        "val_mae/dataloader_idx_1": 0.01944666914641857,
        "val_rmse/dataloader_idx_1": 0.032458432018756866,
        "val_smoothness_diff/dataloader_idx_1": 0.017419280484318733
    },
    "scnd_AE_DeepSDF_20smf": {
        "val_total_loss/dataloader_idx_0": 0.0006575313163921237,
        "val_tau_loss/dataloader_idx_0": 0.3579663038253784,
        "val_reg_loss/dataloader_idx_0": 0.000938792887609452,
        "val_sdf_loss/dataloader_idx_0": 0.0006481437012553215,
        "val_mae/dataloader_idx_1": 0.007867442443966866,
        "val_rmse/dataloader_idx_1": 0.019931698217988014,
        "val_smoothness_diff/dataloader_idx_1": 0.007791904266923666
    }
}