{
    "scnd_MMD_VAE_20smf": {
        "val_tau_loss": 1.1040165424346924,
        "val_reg_loss": 0.0,
        "val_mmd_loss": 0.006114752031862736,
        "val_reconstruction_loss": 0.00019569564028643072,
        "val_total_loss": 0.00019575681653805077
    },
    "scnd_MMD_VAE_DeepSDF_20smf": {
        "val_tau_loss": 1.3972115516662598,
        "val_reg_loss": 0.0,
        "val_mmd_loss": 0.004780756309628487,
        "val_reconstruction_loss": 0.00017306713561993092,
        "val_total_loss": 0.00017311495321337134
    }
}