{
    "uba_MMD_VAE": {
        "val_tau_loss/dataloader_idx_0": 0.9892660975456238,
        "val_reg_loss/dataloader_idx_0": 0.0,
        "val_mmd_loss/dataloader_idx_0": 0.15633434057235718,
        "val_sdf_loss/dataloader_idx_0": 0.0014589400961995125,
        "val_total_loss/dataloader_idx_0": 0.0014605039032176137,
        "val_mae/dataloader_idx_1": 0.018893180415034294,
        "val_rmse/dataloader_idx_1": 0.030659956857562065,
        "val_smoothness_diff/dataloader_idx_1": 0.01657254807651043
    },
    "uba_MMD_VAE_DeepSDF": {
        "val_tau_loss/dataloader_idx_0": 1.5451157093048096,
        "val_reg_loss/dataloader_idx_0": 0.0,
        "val_mmd_loss/dataloader_idx_0": 0.14448735117912292,
        "val_sdf_loss/dataloader_idx_0": 0.0005767744150944054,
        "val_total_loss/dataloader_idx_0": 0.0005782193620689213,
        "val_mae/dataloader_idx_1": 0.008187200874090195,
        "val_rmse/dataloader_idx_1": 0.01920635998249054,
        "val_smoothness_diff/dataloader_idx_1": 0.007942442782223225
    }
}