{
    "scnd_VAE_20smf": {
        "val_kl_divergence": 45.814090728759766,
        "val_tau_loss": 1.6954859495162964,
        "val_reg_loss": 0.0,
        "val_reconstruction_loss": 6.363262218656018e-05,
        "val_total_loss": 8.653967233840376e-05
    },
    "scnd_VAE_DeepSDF_20smf": {
        "val_kl_divergence": 49.17959213256836,
        "val_tau_loss": 0.3452472388744354,
        "val_reg_loss": 0.0,
        "val_reconstruction_loss": 6.884678441565484e-05,
        "val_total_loss": 9.34365889406763e-05
    }
}