{
    "uba_frst_VAE": {
        "val_kl_divergence/dataloader_idx_0": 68.98442840576172,
        "val_tau_loss/dataloader_idx_0": 0.4647012948989868,
        "val_reg_loss/dataloader_idx_0": 0.0,
        "val_sdf_loss/dataloader_idx_0": 0.0014133518561720848,
        "val_total_loss/dataloader_idx_0": 0.0014478393131867051,
        "val_mae/dataloader_idx_1": 0.019086604937911034,
        "val_rmse/dataloader_idx_1": 0.03139902651309967,
        "val_smoothness_pred/dataloader_idx_1": 0.04831090569496155,
        "val_smoothness_diff/dataloader_idx_1": 0.01612486131489277,
        "val_diff_smoothness/dataloader_idx_1": 0.0031237155199050903,
        "val_mi_original/dataloader_idx_2": 0.49093425273895264,
        "val_mi_tau/dataloader_idx_2": 0.4716854989528656,
        "val_z_original_std/dataloader_idx_2": 0.07769662141799927,
        "val_z_tau_std/dataloader_idx_2": 0.0712311714887619,
        "val_z_std_ratio/dataloader_idx_2": 1.1098263263702393,
        "val_mi_ratio/dataloader_idx_2": 1.0894994735717773,
        "val_tau_loss/dataloader_idx_2": 0.21216517686843872
    },
    "uba_frst_VAE_DeepSDF": {
        "val_kl_divergence/dataloader_idx_0": 78.16307067871094,
        "val_tau_loss/dataloader_idx_0": 0.2917134463787079,
        "val_reg_loss/dataloader_idx_0": 0.0,
        "val_sdf_loss/dataloader_idx_0": 0.00024683005176484585,
        "val_total_loss/dataloader_idx_0": 0.00028591195587068796,
        "val_mae/dataloader_idx_1": 0.0053697326220571995,
        "val_rmse/dataloader_idx_1": 0.012830892577767372,
        "val_smoothness_pred/dataloader_idx_1": 0.04548728093504906,
        "val_smoothness_diff/dataloader_idx_1": 0.0053565241396427155,
        "val_diff_smoothness/dataloader_idx_1": 0.0003000893339049071,
        "val_mi_original/dataloader_idx_2": 0.5287193059921265,
        "val_mi_tau/dataloader_idx_2": 0.36410292983055115,
        "val_z_original_std/dataloader_idx_2": 0.05266415700316429,
        "val_z_tau_std/dataloader_idx_2": 0.051016807556152344,
        "val_z_std_ratio/dataloader_idx_2": 1.1068673133850098,
        "val_mi_ratio/dataloader_idx_2": 1.5567991733551025,
        "val_tau_loss/dataloader_idx_2": 0.14518065750598907
    }
}