{
    "uba_AE_recon_dec": {
        "val_total_loss": 0.00017770451086107641,
        "val_tau_loss": 0.3815945088863373,
        "val_reg_loss": 0.0008881850517354906,
        "val_reconstruction_loss": 0.0001688226475380361
    },
    "uba_AE_DeepSDF_recon_dec": {
        "val_total_loss": 0.00021061062579974532,
        "val_tau_loss": 0.37139517068862915,
        "val_reg_loss": 0.0011920927790924907,
        "val_reconstruction_loss": 0.00019868971139658242
    }
}