{
    "frst_VAE_20smf": {
        "val_kl_divergence/dataloader_idx_0": 67.76936340332031,
        "val_tau_loss/dataloader_idx_0": 0.5835379362106323,
        "val_reg_loss/dataloader_idx_0": 0.0,
        "val_sdf_loss/dataloader_idx_0": 0.0010762239107862115,
        "val_total_loss/dataloader_idx_0": 0.0011101093841716647,
        "val_mae/dataloader_idx_1": 0.01719168946146965,
        "val_rmse/dataloader_idx_1": 0.027635466307401657,
        "val_smoothness_pred/dataloader_idx_1": 0.04915127903223038,
        "val_smoothness_diff/dataloader_idx_1": 0.01557436864823103,
        "val_diff_smoothness/dataloader_idx_1": 0.003728089854121208
    },
    "frst_VAE_DeepSDF_20smf": {
        "val_kl_divergence/dataloader_idx_0": 80.68915557861328,
        "val_tau_loss/dataloader_idx_0": 0.8835163116455078,
        "val_reg_loss/dataloader_idx_0": 0.0,
        "val_sdf_loss/dataloader_idx_0": 0.0002670060202945024,
        "val_total_loss/dataloader_idx_0": 0.00030735140899196267,
        "val_mae/dataloader_idx_1": 0.005874610040336847,
        "val_rmse/dataloader_idx_1": 0.013895933516323566,
        "val_smoothness_pred/dataloader_idx_1": 0.045646827667951584,
        "val_smoothness_diff/dataloader_idx_1": 0.005768618546426296,
        "val_diff_smoothness/dataloader_idx_1": 0.0002236349682789296
    }
}