{
    "uba_VAE": {
        "val_kl_divergence/dataloader_idx_0": 48.116188049316406,
        "val_tau_loss/dataloader_idx_0": 1.9537874460220337,
        "val_reg_loss/dataloader_idx_0": 0.0,
        "val_sdf_loss/dataloader_idx_0": 0.0013267300091683865,
        "val_total_loss/dataloader_idx_0": 0.001350788283161819,
        "val_mae/dataloader_idx_1": 0.017986895516514778,
        "val_rmse/dataloader_idx_1": 0.029569733887910843,
        "val_smoothness_diff/dataloader_idx_1": 0.016265694051980972
    },
    "uba_VAE_DeepSDF": {
        "val_kl_divergence/dataloader_idx_0": 48.10975646972656,
        "val_tau_loss/dataloader_idx_0": 1.0710159540176392,
        "val_reg_loss/dataloader_idx_0": 0.0,
        "val_sdf_loss/dataloader_idx_0": 0.00042780599324032664,
        "val_total_loss/dataloader_idx_0": 0.0004518614150583744,
        "val_mae/dataloader_idx_1": 0.0074395108968019485,
        "val_rmse/dataloader_idx_1": 0.01769968494772911,
        "val_smoothness_diff/dataloader_idx_1": 0.007486594840884209
    }
}