{
    "uba_VAE_recon_dec": {
        "val_kl_divergence": 47.60509490966797,
        "val_tau_loss": 1.966589093208313,
        "val_reg_loss": 0.0,
        "val_reconstruction_loss": 6.812985520809889e-05,
        "val_total_loss": 9.193239384330809e-05
    },
    "uba_VAE_DeepSDF_recon_dec": {
        "val_kl_divergence": 48.41889190673828,
        "val_tau_loss": 1.0341562032699585,
        "val_reg_loss": 0.0,
        "val_reconstruction_loss": 6.579588807653636e-05,
        "val_total_loss": 9.0005349193234e-05
    }
}