{
    "scnd_MMD_VAE_20smf": {
        "val_tau_loss/dataloader_idx_0": 0.7445458173751831,
        "val_reg_loss/dataloader_idx_0": 0.0,
        "val_mmd_loss/dataloader_idx_0": 0.15262995660305023,
        "val_sdf_loss/dataloader_idx_0": 0.0012489566579461098,
        "val_total_loss/dataloader_idx_0": 0.00125048344489187,
        "val_mae/dataloader_idx_1": 0.018413422629237175,
        "val_rmse/dataloader_idx_1": 0.028982117772102356,
        "val_smoothness_diff/dataloader_idx_1": 0.016338037326931953
    },
    "scnd_MMD_VAE_DeepSDF_20smf": {
        "val_tau_loss/dataloader_idx_0": 4.879255771636963,
        "val_reg_loss/dataloader_idx_0": 0.0,
        "val_mmd_loss/dataloader_idx_0": 0.1555064618587494,
        "val_sdf_loss/dataloader_idx_0": 0.0006020450964570045,
        "val_total_loss/dataloader_idx_0": 0.0006036000559106469,
        "val_mae/dataloader_idx_1": 0.008807065896689892,
        "val_rmse/dataloader_idx_1": 0.02154284156858921,
        "val_smoothness_diff/dataloader_idx_1": 0.008369256742298603
    }
}