{
    "uba_frst_MMD_VAE": {
        "val_tau_loss/dataloader_idx_0": 1.2492276430130005,
        "val_reg_loss/dataloader_idx_0": 0.0,
        "val_mmd_loss/dataloader_idx_0": 0.0246961060911417,
        "val_sdf_loss/dataloader_idx_0": 0.00150664197281003,
        "val_total_loss/dataloader_idx_0": 0.001506887492723763,
        "val_mae/dataloader_idx_1": 0.019535109400749207,
        "val_rmse/dataloader_idx_1": 0.031671490520238876,
        "val_smoothness_pred/dataloader_idx_1": 0.04922786355018616,
        "val_smoothness_diff/dataloader_idx_1": 0.016811339184641838,
        "val_diff_smoothness/dataloader_idx_1": 0.004040677100419998,
        "val_mi_original/dataloader_idx_2": 0.5558916330337524,
        "val_mi_tau/dataloader_idx_2": 0.5374437570571899,
        "val_z_original_std/dataloader_idx_2": 0.051874998956918716,
        "val_z_tau_std/dataloader_idx_2": 0.05260775238275528,
        "val_z_std_ratio/dataloader_idx_2": 1.0173226594924927,
        "val_mi_ratio/dataloader_idx_2": 1.1025131940841675,
        "val_tau_loss/dataloader_idx_2": 0.559622049331665
    },
    "uba_frst_MMD_VAE_DeepSDF": {
        "val_tau_loss/dataloader_idx_0": 0.4818309545516968,
        "val_reg_loss/dataloader_idx_0": 0.0,
        "val_mmd_loss/dataloader_idx_0": 0.011097697541117668,
        "val_sdf_loss/dataloader_idx_0": 0.00035149158793501556,
        "val_total_loss/dataloader_idx_0": 0.00035160285187885165,
        "val_mae/dataloader_idx_1": 0.005983257200568914,
        "val_rmse/dataloader_idx_1": 0.014689036644995213,
        "val_smoothness_pred/dataloader_idx_1": 0.04519111290574074,
        "val_smoothness_diff/dataloader_idx_1": 0.005672857165336609,
        "val_diff_smoothness/dataloader_idx_1": 3.9270521483558696e-06,
        "val_mi_original/dataloader_idx_2": 0.39388686418533325,
        "val_mi_tau/dataloader_idx_2": 0.7176658511161804,
        "val_z_original_std/dataloader_idx_2": 0.0398203544318676,
        "val_z_tau_std/dataloader_idx_2": 0.04111390933394432,
        "val_z_std_ratio/dataloader_idx_2": 0.9587204456329346,
        "val_mi_ratio/dataloader_idx_2": 0.5777950882911682,
        "val_tau_loss/dataloader_idx_2": 0.22302836179733276
    }
}