{
    "uba_AE_recon_dec": {
        "val_total_loss": 0.00028904201462864876,
        "val_tau_loss": 0.37761741876602173,
        "val_reg_loss": 0.0011137377005070448,
        "val_reconstruction_loss": 0.00027790467720478773
    },
    "uba_AE_DeepSDF_recon_dec": {
        "val_total_loss": 0.0002688688400667161,
        "val_tau_loss": 0.39030152559280396,
        "val_reg_loss": 0.0006117454031482339,
        "val_reconstruction_loss": 0.0002627513313200325
    }
}