{
    "scnd_MMD_VAE_20smf": {
        "val_tau_loss/dataloader_idx_0": 1.4956098794937134,
        "val_reg_loss/dataloader_idx_0": 0.0,
        "val_mmd_loss/dataloader_idx_0": 0.17773765325546265,
        "val_sdf_loss/dataloader_idx_0": 0.0014849145663902164,
        "val_total_loss/dataloader_idx_0": 0.0014866937417536974,
        "val_mae/dataloader_idx_1": 0.019717290997505188,
        "val_rmse/dataloader_idx_1": 0.03151785582304001,
        "val_smoothness_diff/dataloader_idx_1": 0.016832608729600906
    },
    "scnd_MMD_VAE_DeepSDF_20smf": {
        "val_tau_loss/dataloader_idx_0": 2.1098310947418213,
        "val_reg_loss/dataloader_idx_0": 0.0,
        "val_mmd_loss/dataloader_idx_0": 0.15200579166412354,
        "val_sdf_loss/dataloader_idx_0": 0.0005671947146765888,
        "val_total_loss/dataloader_idx_0": 0.0005687144002877176,
        "val_mae/dataloader_idx_1": 0.00856836512684822,
        "val_rmse/dataloader_idx_1": 0.02054080367088318,
        "val_smoothness_diff/dataloader_idx_1": 0.008341668173670769
    }
}