{
    "scnd_AE_10smf": {
        "val_total_loss": 0.00019691129273269325,
        "val_tau_loss": 0.38653358817100525,
        "val_reg_loss": 0.0004920000210404396,
        "val_reconstruction_loss": 0.00019199124653823674
    },
    "scnd_AE_DeepSDF_10smf": {
        "val_total_loss": 0.0002054073556791991,
        "val_tau_loss": 0.38592883944511414,
        "val_reg_loss": 0.0004086293338332325,
        "val_reconstruction_loss": 0.00020132104691583663
    },
    "scnd_AE_20smf": {
        "val_total_loss": 0.00023746778606437147,
        "val_tau_loss": 0.37790095806121826,
        "val_reg_loss": 0.0013595169875770807,
        "val_reconstruction_loss": 0.0002238725865026936
    },
    "scnd_AE_DeepSDF_20smf": {
        "val_total_loss": 0.0002913734642788768,
        "val_tau_loss": 0.39033132791519165,
        "val_reg_loss": 0.0006958810263313353,
        "val_reconstruction_loss": 0.00028441468020901084
    }
}