{
    "frst_VAE_20smf": {
        "val_kl_divergence/dataloader_idx_0": 67.84568786621094,
        "val_tau_loss/dataloader_idx_0": 0.7955905795097351,
        "val_reg_loss/dataloader_idx_0": 0.0,
        "val_sdf_loss/dataloader_idx_0": 0.000994086847640574,
        "val_total_loss/dataloader_idx_0": 0.0010280091082677245,
        "val_mae/dataloader_idx_1": 0.016758447512984276,
        "val_rmse/dataloader_idx_1": 0.026280365884304047,
        "val_smoothness_pred/dataloader_idx_1": 0.05023495852947235,
        "val_smoothness_diff/dataloader_idx_1": 0.01615133322775364,
        "val_diff_smoothness/dataloader_idx_1": 0.004811770748347044
    },
    "frst_VAE_DeepSDF_20smf": {
        "val_kl_divergence/dataloader_idx_0": 79.55345153808594,
        "val_tau_loss/dataloader_idx_0": 0.5952584743499756,
        "val_reg_loss/dataloader_idx_0": 0.0,
        "val_sdf_loss/dataloader_idx_0": 0.00028540415223687887,
        "val_total_loss/dataloader_idx_0": 0.00032518027001060545,
        "val_mae/dataloader_idx_1": 0.006000080145895481,
        "val_rmse/dataloader_idx_1": 0.014611235819756985,
        "val_smoothness_pred/dataloader_idx_1": 0.045716434717178345,
        "val_smoothness_diff/dataloader_idx_1": 0.005788957234472036,
        "val_diff_smoothness/dataloader_idx_1": 0.0002932386996690184
    }
}