{
    "scnd_AE_20smf": {
        "val_total_loss": 0.0002816490305121988,
        "val_tau_loss": 0.3900797963142395,
        "val_reg_loss": 0.0008819669601507485,
        "val_reconstruction_loss": 0.00027282931841909885
    },
    "scnd_AE_DeepSDF_20smf": {
        "val_total_loss": 0.0002502878487575799,
        "val_tau_loss": 0.381845623254776,
        "val_reg_loss": 0.0006151245324872434,
        "val_reconstruction_loss": 0.00024413656501565129
    }
}