{
    "uba_frst_MMD_VAE": {
        "val_tau_loss/dataloader_idx_0": 0.28306373953819275,
        "val_reg_loss/dataloader_idx_0": 0.0,
        "val_mmd_loss/dataloader_idx_0": 0.022090574726462364,
        "val_sdf_loss/dataloader_idx_0": 0.0011762644862756133,
        "val_total_loss/dataloader_idx_0": 0.0011764868395403028,
        "val_mae/dataloader_idx_1": 0.017196962609887123,
        "val_rmse/dataloader_idx_1": 0.027759196236729622,
        "val_smoothness_pred/dataloader_idx_1": 0.048166099935770035,
        "val_smoothness_diff/dataloader_idx_1": 0.015167318284511566,
        "val_diff_smoothness/dataloader_idx_1": 0.0029789069667458534,
        "val_mi_original/dataloader_idx_2": 0.48405611515045166,
        "val_mi_tau/dataloader_idx_2": 0.44678744673728943,
        "val_z_original_std/dataloader_idx_2": 0.052531007677316666,
        "val_z_tau_std/dataloader_idx_2": 0.03968804329633713,
        "val_z_std_ratio/dataloader_idx_2": 1.415978193283081,
        "val_mi_ratio/dataloader_idx_2": 1.151660442352295,
        "val_tau_loss/dataloader_idx_2": 0.14604881405830383
    },
    "uba_frst_MMD_VAE_DeepSDF": {
        "val_tau_loss/dataloader_idx_0": 0.44986096024513245,
        "val_reg_loss/dataloader_idx_0": 0.0,
        "val_mmd_loss/dataloader_idx_0": 0.012764428742229939,
        "val_sdf_loss/dataloader_idx_0": 0.00039297534385696054,
        "val_total_loss/dataloader_idx_0": 0.00039310299325734377,
        "val_mae/dataloader_idx_1": 0.0062288278713822365,
        "val_rmse/dataloader_idx_1": 0.015407164581120014,
        "val_smoothness_pred/dataloader_idx_1": 0.04535210132598877,
        "val_smoothness_diff/dataloader_idx_1": 0.005962597671896219,
        "val_diff_smoothness/dataloader_idx_1": 0.00016490912821609527,
        "val_mi_original/dataloader_idx_2": 0.3972269892692566,
        "val_mi_tau/dataloader_idx_2": 0.4705224931240082,
        "val_z_original_std/dataloader_idx_2": 0.04752024635672569,
        "val_z_tau_std/dataloader_idx_2": 0.038401298224925995,
        "val_z_std_ratio/dataloader_idx_2": 1.2957061529159546,
        "val_mi_ratio/dataloader_idx_2": 0.8900455236434937,
        "val_tau_loss/dataloader_idx_2": 0.07296904921531677
    }
}