{
    "uba_frst_MMD_VAE": {
        "val_tau_loss/dataloader_idx_0": 0.4144919216632843,
        "val_reg_loss/dataloader_idx_0": 0.0,
        "val_mmd_loss/dataloader_idx_0": 0.021632613614201546,
        "val_sdf_loss/dataloader_idx_0": 0.0015749337617307901,
        "val_total_loss/dataloader_idx_0": 0.0015751512255519629,
        "val_mae/dataloader_idx_1": 0.018195707350969315,
        "val_rmse/dataloader_idx_1": 0.02904510870575905,
        "val_smoothness_pred/dataloader_idx_1": 0.04800868406891823,
        "val_smoothness_diff/dataloader_idx_1": 0.015399334020912647,
        "val_diff_smoothness/dataloader_idx_1": 0.002821491099894047,
        "val_mi_original/dataloader_idx_2": 0.4845600426197052,
        "val_mi_tau/dataloader_idx_2": 0.48770663142204285,
        "val_z_original_std/dataloader_idx_2": 0.04696497321128845,
        "val_z_tau_std/dataloader_idx_2": 0.050463203340768814,
        "val_z_std_ratio/dataloader_idx_2": 0.9349107146263123,
        "val_mi_ratio/dataloader_idx_2": 1.0325645208358765,
        "val_tau_loss/dataloader_idx_2": 0.17785678803920746
    },
    "uba_frst_MMD_VAE_DeepSDF": {
        "val_tau_loss/dataloader_idx_0": 0.7723628878593445,
        "val_reg_loss/dataloader_idx_0": 0.0,
        "val_mmd_loss/dataloader_idx_0": 0.01131444051861763,
        "val_sdf_loss/dataloader_idx_0": 0.00039099829155020416,
        "val_total_loss/dataloader_idx_0": 0.0003911107196472585,
        "val_mae/dataloader_idx_1": 0.00607303949072957,
        "val_rmse/dataloader_idx_1": 0.014915356412529945,
        "val_smoothness_pred/dataloader_idx_1": 0.04527479410171509,
        "val_smoothness_diff/dataloader_idx_1": 0.005702774040400982,
        "val_diff_smoothness/dataloader_idx_1": 8.760248601902276e-05,
        "val_mi_original/dataloader_idx_2": 0.5084172487258911,
        "val_mi_tau/dataloader_idx_2": 0.3697567284107208,
        "val_z_original_std/dataloader_idx_2": 0.039606913924217224,
        "val_z_tau_std/dataloader_idx_2": 0.04225216805934906,
        "val_z_std_ratio/dataloader_idx_2": 0.9167170524597168,
        "val_mi_ratio/dataloader_idx_2": 1.4598021507263184,
        "val_tau_loss/dataloader_idx_2": 0.6570258140563965
    }
}