{
    "frst_MMD_VAE_20smf": {
        "val_tau_loss/dataloader_idx_0": 1.194034457206726,
        "val_reg_loss/dataloader_idx_0": 0.0,
        "val_mmd_loss/dataloader_idx_0": 0.026203060522675514,
        "val_sdf_loss/dataloader_idx_0": 0.001185447908937931,
        "val_total_loss/dataloader_idx_0": 0.0011857100762426853,
        "val_mae/dataloader_idx_1": 0.018309475854039192,
        "val_rmse/dataloader_idx_1": 0.029249969869852066,
        "val_smoothness_pred/dataloader_idx_1": 0.04865404590964317,
        "val_smoothness_diff/dataloader_idx_1": 0.016005268320441246,
        "val_diff_smoothness/dataloader_idx_1": 0.003230858827009797
    },
    "frst_MMD_VAE_DeepSDF_20smf": {
        "val_tau_loss/dataloader_idx_0": 0.359640508890152,
        "val_reg_loss/dataloader_idx_0": 0.0,
        "val_mmd_loss/dataloader_idx_0": 0.011207160539925098,
        "val_sdf_loss/dataloader_idx_0": 0.00034620316000655293,
        "val_total_loss/dataloader_idx_0": 0.00034631433663889766,
        "val_mae/dataloader_idx_1": 0.006360333412885666,
        "val_rmse/dataloader_idx_1": 0.015535613521933556,
        "val_smoothness_pred/dataloader_idx_1": 0.04561285302042961,
        "val_smoothness_diff/dataloader_idx_1": 0.0059108794666826725,
        "val_diff_smoothness/dataloader_idx_1": 0.0001896652247523889
    }
}