{
    "scnd_VAE_20smf": {
        "val_kl_divergence": 48.91134262084961,
        "val_tau_loss": 0.6200460195541382,
        "val_reg_loss": 0.0,
        "val_reconstruction_loss": 6.817109533585608e-05,
        "val_total_loss": 9.262675303034484e-05
    },
    "scnd_VAE_DeepSDF_20smf": {
        "val_kl_divergence": 48.778446197509766,
        "val_tau_loss": 1.5464733839035034,
        "val_reg_loss": 0.0,
        "val_reconstruction_loss": 9.95761583908461e-05,
        "val_total_loss": 0.00012396537931635976
    }
}