{
    "frst_AE_20smf": {
        "val_total_loss/dataloader_idx_0": 0.0013858085731044412,
        "val_tau_loss/dataloader_idx_0": 0.37392550706863403,
        "val_reg_loss/dataloader_idx_0": 0.012443190440535545,
        "val_sdf_loss/dataloader_idx_0": 0.0012613740982487798,
        "val_mae/dataloader_idx_1": 0.01780960150063038,
        "val_rmse/dataloader_idx_1": 0.02987889014184475,
        "val_smoothness_pred/dataloader_idx_1": 0.04927931725978851,
        "val_smoothness_diff/dataloader_idx_1": 0.016261309385299683,
        "val_diff_smoothness/dataloader_idx_1": 0.0038561250548809767
    },
    "frst_AE_DeepSDF_20smf": {
        "val_total_loss/dataloader_idx_0": 0.0004134344926569611,
        "val_tau_loss/dataloader_idx_0": 0.380262553691864,
        "val_reg_loss/dataloader_idx_0": 0.009601008147001266,
        "val_sdf_loss/dataloader_idx_0": 0.00031742523424327374,
        "val_mae/dataloader_idx_1": 0.005980398040264845,
        "val_rmse/dataloader_idx_1": 0.014731683768332005,
        "val_smoothness_pred/dataloader_idx_1": 0.045551128685474396,
        "val_smoothness_diff/dataloader_idx_1": 0.005659548565745354,
        "val_diff_smoothness/dataloader_idx_1": 0.00012794176291208714
    }
}