{
    "scnd_VAE_20smf": {
        "val_kl_divergence": 49.8349609375,
        "val_tau_loss": 1.5173935890197754,
        "val_reg_loss": 0.0,
        "val_reconstruction_loss": 6.566416413988918e-05,
        "val_total_loss": 9.05816414160654e-05
    },
    "scnd_VAE_DeepSDF_20smf": {
        "val_kl_divergence": 51.47661590576172,
        "val_tau_loss": 0.7961793541908264,
        "val_reg_loss": 0.0,
        "val_reconstruction_loss": 8.703365892870352e-05,
        "val_total_loss": 0.00011277196608716622
    }
}