{
    "frst_MMD_VAE_20smf": {
        "val_reconstruction_loss": 0.00022517252364195883
    },
    "frst_MMD_VAE_DeepSDF_20smf": {
        "val_reconstruction_loss": 0.0002320069761481136
    }
}