{
    "scnd_AE_20smf": {
        "val_total_loss/dataloader_idx_0": 0.0021901666186749935,
        "val_tau_loss/dataloader_idx_0": 0.36852991580963135,
        "val_reg_loss/dataloader_idx_0": 0.0008825838449411094,
        "val_sdf_loss/dataloader_idx_0": 0.002181336982175708,
        "val_mae/dataloader_idx_1": 0.02242431230843067,
        "val_rmse/dataloader_idx_1": 0.039847422391176224,
        "val_smoothness_diff/dataloader_idx_1": 0.01914401538670063
    },
    "scnd_AE_DeepSDF_20smf": {
        "val_total_loss/dataloader_idx_0": 0.0008106735185720026,
        "val_tau_loss/dataloader_idx_0": 0.3528727889060974,
        "val_reg_loss/dataloader_idx_0": 0.0007414419087581336,
        "val_sdf_loss/dataloader_idx_0": 0.0008032600162550807,
        "val_mae/dataloader_idx_1": 0.008693457581102848,
        "val_rmse/dataloader_idx_1": 0.022104620933532715,
        "val_smoothness_diff/dataloader_idx_1": 0.008401847444474697
    }
}