{
    "scnd_MMD_VAE_20smf": {
        "val_tau_loss": 3.945852518081665,
        "val_reg_loss": 0.0,
        "val_mmd_loss": 0.004389454144984484,
        "val_reconstruction_loss": 0.00018763859407044947,
        "val_total_loss": 0.00018768251175060868
    },
    "scnd_MMD_VAE_DeepSDF_20smf": {
        "val_tau_loss": 7.598140716552734,
        "val_reg_loss": 0.0,
        "val_mmd_loss": 0.009111059829592705,
        "val_reconstruction_loss": 0.00020221443264745176,
        "val_total_loss": 0.00020230552763678133
    }
}