{
    "uba_frst_MMD_VAE": {
        "val_tau_loss/dataloader_idx_0": 0.8534553050994873,
        "val_reg_loss/dataloader_idx_0": 0.0,
        "val_mmd_loss/dataloader_idx_0": 0.028141213580965996,
        "val_sdf_loss/dataloader_idx_0": 0.0012771924957633018,
        "val_total_loss/dataloader_idx_0": 0.001277467468753457,
        "val_mae/dataloader_idx_1": 0.01731385476887226,
        "val_rmse/dataloader_idx_1": 0.02800106070935726,
        "val_smoothness_pred/dataloader_idx_1": 0.04874301329255104,
        "val_smoothness_diff/dataloader_idx_1": 0.015952883288264275,
        "val_diff_smoothness/dataloader_idx_1": 0.0035558263771235943,
        "val_mi_original/dataloader_idx_2": 0.5377224087715149,
        "val_mi_tau/dataloader_idx_2": 0.5461887121200562,
        "val_z_original_std/dataloader_idx_2": 0.056338053196668625,
        "val_z_tau_std/dataloader_idx_2": 0.05314835160970688,
        "val_z_std_ratio/dataloader_idx_2": 1.0635720491409302,
        "val_mi_ratio/dataloader_idx_2": 1.1120388507843018,
        "val_tau_loss/dataloader_idx_2": 0.6911365389823914
    },
    "uba_frst_MMD_VAE_DeepSDF": {
        "val_tau_loss/dataloader_idx_0": 0.279111385345459,
        "val_reg_loss/dataloader_idx_0": 0.0,
        "val_mmd_loss/dataloader_idx_0": 0.01137461606413126,
        "val_sdf_loss/dataloader_idx_0": 0.0003497960278764367,
        "val_total_loss/dataloader_idx_0": 0.00034991028951480985,
        "val_mae/dataloader_idx_1": 0.0060990904457867146,
        "val_rmse/dataloader_idx_1": 0.014869935810565948,
        "val_smoothness_pred/dataloader_idx_1": 0.04529033601284027,
        "val_smoothness_diff/dataloader_idx_1": 0.005783578380942345,
        "val_diff_smoothness/dataloader_idx_1": 0.00010314725659554824,
        "val_mi_original/dataloader_idx_2": 0.48623889684677124,
        "val_mi_tau/dataloader_idx_2": 0.4408213794231415,
        "val_z_original_std/dataloader_idx_2": 0.04420255497097969,
        "val_z_tau_std/dataloader_idx_2": 0.050740599632263184,
        "val_z_std_ratio/dataloader_idx_2": 0.8603842258453369,
        "val_mi_ratio/dataloader_idx_2": 1.1462706327438354,
        "val_tau_loss/dataloader_idx_2": 0.09230835735797882
    }
}