{
    "scnd_VAE_20smf": {
        "val_kl_divergence/dataloader_idx_0": 50.826133728027344,
        "val_tau_loss/dataloader_idx_0": 0.5905468463897705,
        "val_reg_loss/dataloader_idx_0": 0.0,
        "val_sdf_loss/dataloader_idx_0": 0.0013334181858226657,
        "val_total_loss/dataloader_idx_0": 0.001358830719254911,
        "val_mae/dataloader_idx_1": 0.01912487857043743,
        "val_rmse/dataloader_idx_1": 0.030394960194826126,
        "val_smoothness_diff/dataloader_idx_1": 0.016326237469911575
    },
    "scnd_VAE_DeepSDF_20smf": {
        "val_kl_divergence/dataloader_idx_0": 47.83988952636719,
        "val_tau_loss/dataloader_idx_0": 0.7076828479766846,
        "val_reg_loss/dataloader_idx_0": 0.0,
        "val_sdf_loss/dataloader_idx_0": 0.0004685044405050576,
        "val_total_loss/dataloader_idx_0": 0.000492424238473177,
        "val_mae/dataloader_idx_1": 0.008345390670001507,
        "val_rmse/dataloader_idx_1": 0.019465969875454903,
        "val_smoothness_diff/dataloader_idx_1": 0.008076762780547142
    }
}