{
    "frst_VAE_20smf": {
        "val_reconstruction_loss": 0.00011068762978538871
    },
    "frst_VAE_DeepSDF_20smf": {
        "val_reconstruction_loss": 0.0001719771244097501
    }
}