{
    "uba_MMD_VAE_recon_dec": {
        "val_tau_loss": 1.4979554414749146,
        "val_reg_loss": 0.0,
        "val_mmd_loss": 0.006485639605671167,
        "val_reconstruction_loss": 0.00018958999135065824,
        "val_total_loss": 0.00018965484923683107
    },
    "uba_MMD_VAE_DeepSDF_recon_dec": {
        "val_tau_loss": 2.621915102005005,
        "val_reg_loss": 0.0,
        "val_mmd_loss": 0.004523633513599634,
        "val_reconstruction_loss": 0.0001930428115883842,
        "val_total_loss": 0.00019308803894091398
    }
}