{
    "uba_AE": {
        "val_total_loss/dataloader_idx_0": 0.0018723832909017801,
        "val_tau_loss/dataloader_idx_0": 0.36373987793922424,
        "val_reg_loss/dataloader_idx_0": 0.0005691733676940203,
        "val_sdf_loss/dataloader_idx_0": 0.0018666897667571902,
        "val_mae/dataloader_idx_1": 0.020329197868704796,
        "val_rmse/dataloader_idx_1": 0.03598489984869957,
        "val_smoothness_diff/dataloader_idx_1": 0.018130546435713768
    },
    "uba_AE_DeepSDF": {
        "val_total_loss/dataloader_idx_0": 0.0008566048345528543,
        "val_tau_loss/dataloader_idx_0": 0.3515184223651886,
        "val_reg_loss/dataloader_idx_0": 0.0010446136584505439,
        "val_sdf_loss/dataloader_idx_0": 0.0008461589459329844,
        "val_mae/dataloader_idx_1": 0.00912952609360218,
        "val_rmse/dataloader_idx_1": 0.02290954813361168,
        "val_smoothness_diff/dataloader_idx_1": 0.008578555658459663
    }
}