{
    "scnd_VAE_20smf": {
        "val_kl_divergence/dataloader_idx_0": 48.277587890625,
        "val_tau_loss/dataloader_idx_0": 0.785467267036438,
        "val_reg_loss/dataloader_idx_0": 0.0,
        "val_sdf_loss/dataloader_idx_0": 0.0012333412887528539,
        "val_total_loss/dataloader_idx_0": 0.0012574801221489906,
        "val_mae/dataloader_idx_1": 0.018687156960368156,
        "val_rmse/dataloader_idx_1": 0.02968475967645645,
        "val_smoothness_diff/dataloader_idx_1": 0.016762038692831993
    },
    "scnd_VAE_DeepSDF_20smf": {
        "val_kl_divergence/dataloader_idx_0": 48.28165817260742,
        "val_tau_loss/dataloader_idx_0": 1.3921573162078857,
        "val_reg_loss/dataloader_idx_0": 0.0,
        "val_sdf_loss/dataloader_idx_0": 0.000478843372547999,
        "val_total_loss/dataloader_idx_0": 0.0005029843305237591,
        "val_mae/dataloader_idx_1": 0.008317672647535801,
        "val_rmse/dataloader_idx_1": 0.01956413872539997,
        "val_smoothness_diff/dataloader_idx_1": 0.007986458018422127
    }
}