{
    "frst_MMD_VAE_20smf": {
        "val_tau_loss/dataloader_idx_0": 0.3534358739852905,
        "val_reg_loss/dataloader_idx_0": 0.0,
        "val_mmd_loss/dataloader_idx_0": 0.020519709214568138,
        "val_sdf_loss/dataloader_idx_0": 0.0011792182922363281,
        "val_total_loss/dataloader_idx_0": 0.001179422251880169,
        "val_mae/dataloader_idx_1": 0.018007507547736168,
        "val_rmse/dataloader_idx_1": 0.028270592913031578,
        "val_smoothness_pred/dataloader_idx_1": 0.04964163154363632,
        "val_smoothness_diff/dataloader_idx_1": 0.016126282513141632,
        "val_diff_smoothness/dataloader_idx_1": 0.004218443296849728
    },
    "frst_MMD_VAE_DeepSDF_20smf": {
        "val_tau_loss/dataloader_idx_0": 0.45499327778816223,
        "val_reg_loss/dataloader_idx_0": 0.0,
        "val_mmd_loss/dataloader_idx_0": 0.012467676773667336,
        "val_sdf_loss/dataloader_idx_0": 0.00037446414353325963,
        "val_total_loss/dataloader_idx_0": 0.0003745894064195454,
        "val_mae/dataloader_idx_1": 0.006590618751943111,
        "val_rmse/dataloader_idx_1": 0.01582004502415657,
        "val_smoothness_pred/dataloader_idx_1": 0.0454842783510685,
        "val_smoothness_diff/dataloader_idx_1": 0.006030841264873743,
        "val_diff_smoothness/dataloader_idx_1": 6.109131209086627e-05
    }
}