{
    "scnd_VAE_20smf": {
        "val_kl_divergence": 49.086814880371094,
        "val_tau_loss": 0.7880024909973145,
        "val_reg_loss": 0.0,
        "val_reconstruction_loss": 7.758753781672567e-05,
        "val_total_loss": 0.00010213094356004149
    },
    "scnd_VAE_DeepSDF_20smf": {
        "val_kl_divergence": 48.57550048828125,
        "val_tau_loss": 1.4979095458984375,
        "val_reg_loss": 0.0,
        "val_reconstruction_loss": 6.946372741367668e-05,
        "val_total_loss": 9.375147783430293e-05
    }
}