{
    "uba_AE_DeepSDF_basic_2": {
        "val_total_loss/dataloader_idx_0": 0.004250671714544296,
        "val_tau_loss/dataloader_idx_0": 0.03416062518954277,
        "val_sdf_loss/dataloader_idx_0": 0.0004490524879656732,
        "val_orthogonality_loss/dataloader_idx_0": 0.0,
        "val_reg_loss/dataloader_idx_0": 0.003855403047055006,
        "val_mae/dataloader_idx_1": 0.006277615204453468,
        "val_rmse/dataloader_idx_1": 0.015647439286112785,
        "val_smoothness_pred/dataloader_idx_1": 0.044310200959444046,
        "val_smoothness_diff/dataloader_idx_1": 0.006090813782066107,
        "val_diff_smoothness/dataloader_idx_1": -0.0001845725200837478,
        "val_mi_original/dataloader_idx_2": 0.43025100231170654,
        "val_mi_tau/dataloader_idx_2": 0.5972393155097961,
        "val_z_original_std/dataloader_idx_2": 0.014789959415793419,
        "val_z_tau_std/dataloader_idx_2": 0.014447088353335857,
        "val_z_std_ratio/dataloader_idx_2": 0.9913482666015625,
        "val_mi_ratio/dataloader_idx_2": 0.7328900694847107,
        "val_tau_loss/dataloader_idx_2": 0.006354896817356348
    },
    "uba_AE_DeepSDF_minMI_0005_2": {
        "val_total_loss/dataloader_idx_0": 0.0029073525220155716,
        "val_tau_loss/dataloader_idx_0": 0.011484687216579914,
        "val_sdf_loss/dataloader_idx_0": 0.0013909598346799612,
        "val_orthogonality_loss/dataloader_idx_0": 0.0,
        "val_reg_loss/dataloader_idx_0": 0.0036793737672269344,
        "val_mae/dataloader_idx_1": 0.010789373889565468,
        "val_rmse/dataloader_idx_1": 0.028271103277802467,
        "val_smoothness_pred/dataloader_idx_1": 0.044010888785123825,
        "val_smoothness_diff/dataloader_idx_1": 0.008893483318388462,
        "val_diff_smoothness/dataloader_idx_1": -0.00048388229333795607,
        "val_mi_original/dataloader_idx_2": 0.40905681252479553,
        "val_mi_tau/dataloader_idx_2": 0.8162937164306641,
        "val_z_original_std/dataloader_idx_2": 0.007237566635012627,
        "val_z_tau_std/dataloader_idx_2": 0.012348984368145466,
        "val_z_std_ratio/dataloader_idx_2": 0.5791230201721191,
        "val_mi_ratio/dataloader_idx_2": 0.5162015557289124,
        "val_tau_loss/dataloader_idx_2": 0.0027737871278077364
    },
    "uba_AE_DeepSDF_minMI_001_2": {
        "val_total_loss/dataloader_idx_0": 0.003281474346294999,
        "val_tau_loss/dataloader_idx_0": 0.0177605040371418,
        "val_sdf_loss/dataloader_idx_0": 0.00116758665535599,
        "val_orthogonality_loss/dataloader_idx_0": 0.0,
        "val_reg_loss/dataloader_idx_0": 0.0033784830011427402,
        "val_mae/dataloader_idx_1": 0.010097183287143707,
        "val_rmse/dataloader_idx_1": 0.02626413106918335,
        "val_smoothness_pred/dataloader_idx_1": 0.04364451393485069,
        "val_smoothness_diff/dataloader_idx_1": 0.008459307253360748,
        "val_diff_smoothness/dataloader_idx_1": -0.0008502558921463788,
        "val_mi_original/dataloader_idx_2": 0.4064810872077942,
        "val_mi_tau/dataloader_idx_2": 0.5693772435188293,
        "val_z_original_std/dataloader_idx_2": 0.008628757670521736,
        "val_z_tau_std/dataloader_idx_2": 0.012102656066417694,
        "val_z_std_ratio/dataloader_idx_2": 0.7023025751113892,
        "val_mi_ratio/dataloader_idx_2": 0.7288162708282471,
        "val_tau_loss/dataloader_idx_2": 0.0018116896972060204
    },
    "uba_AE_DeepSDF_minMI_005_2": {
        "val_total_loss/dataloader_idx_0": 0.002714427188038826,
        "val_tau_loss/dataloader_idx_0": 0.014997990801930428,
        "val_sdf_loss/dataloader_idx_0": 0.0007488140254281461,
        "val_orthogonality_loss/dataloader_idx_0": 0.0,
        "val_reg_loss/dataloader_idx_0": 0.004658015910536051,
        "val_mae/dataloader_idx_1": 0.00800114031881094,
        "val_rmse/dataloader_idx_1": 0.020355941727757454,
        "val_smoothness_pred/dataloader_idx_1": 0.0440676249563694,
        "val_smoothness_diff/dataloader_idx_1": 0.007293967064470053,
        "val_diff_smoothness/dataloader_idx_1": -0.0004271482757758349,
        "val_mi_original/dataloader_idx_2": 0.39400166273117065,
        "val_mi_tau/dataloader_idx_2": 0.8066384792327881,
        "val_z_original_std/dataloader_idx_2": 0.00975956954061985,
        "val_z_tau_std/dataloader_idx_2": 0.011303097940981388,
        "val_z_std_ratio/dataloader_idx_2": 0.8463756442070007,
        "val_mi_ratio/dataloader_idx_2": 0.4946044683456421,
        "val_tau_loss/dataloader_idx_2": 0.0023919802624732256
    },
    "uba_AE_DeepSDF_minMI_01_2": {
        "val_total_loss/dataloader_idx_0": 0.002553713507950306,
        "val_tau_loss/dataloader_idx_0": 0.005210668779909611,
        "val_sdf_loss/dataloader_idx_0": 0.0017331771086901426,
        "val_orthogonality_loss/dataloader_idx_0": 0.0,
        "val_reg_loss/dataloader_idx_0": 0.0029947070870548487,
        "val_mae/dataloader_idx_1": 0.011526113376021385,
        "val_rmse/dataloader_idx_1": 0.030286364257335663,
        "val_smoothness_pred/dataloader_idx_1": 0.04333985224366188,
        "val_smoothness_diff/dataloader_idx_1": 0.009289538487792015,
        "val_diff_smoothness/dataloader_idx_1": -0.001154921017587185,
        "val_mi_original/dataloader_idx_2": 0.4042506515979767,
        "val_mi_tau/dataloader_idx_2": 0.9838089942932129,
        "val_z_original_std/dataloader_idx_2": 0.00865963101387024,
        "val_z_tau_std/dataloader_idx_2": 0.011485282331705093,
        "val_z_std_ratio/dataloader_idx_2": 0.7308103442192078,
        "val_mi_ratio/dataloader_idx_2": 0.4282781481742859,
        "val_tau_loss/dataloader_idx_2": 0.0032157362438738346
    }
}