{
    "uba_AE": {
        "val_total_loss/dataloader_idx_0": 0.00390015821903944,
        "val_tau_loss/dataloader_idx_0": 0.001395146013237536,
        "val_sdf_loss/dataloader_idx_0": 0.0034299709368497133,
        "val_orthogonality_loss/dataloader_idx_0": 0.0,
        "val_reg_loss/dataloader_idx_0": 0.0033068228513002396,
        "val_mae/dataloader_idx_1": 0.02764113061130047,
        "val_rmse/dataloader_idx_1": 0.04766196757555008,
        "val_smoothness_pred/dataloader_idx_1": 0.04792123660445213,
        "val_smoothness_diff/dataloader_idx_1": 0.02165999263525009,
        "val_diff_smoothness/dataloader_idx_1": 0.0034264654386788607,
        "val_mi_original/dataloader_idx_2": 0.5197629928588867,
        "val_mi_tau/dataloader_idx_2": 0.7902114391326904,
        "val_z_original_std/dataloader_idx_2": 0.010602274909615517,
        "val_z_tau_std/dataloader_idx_2": 0.014688163995742798,
        "val_z_std_ratio/dataloader_idx_2": 0.723013699054718,
        "val_mi_ratio/dataloader_idx_2": 0.6561247110366821,
        "val_tau_loss/dataloader_idx_2": 0.005063299089670181
    },
    "uba_AE_DeepSDF": {
        "val_total_loss/dataloader_idx_0": 0.0037848593201488256,
        "val_tau_loss/dataloader_idx_0": 0.0014876227360218763,
        "val_sdf_loss/dataloader_idx_0": 0.003362707095220685,
        "val_orthogonality_loss/dataloader_idx_0": 0.0,
        "val_reg_loss/dataloader_idx_0": 0.002734007081016898,
        "val_mae/dataloader_idx_1": 0.0164435263723135,
        "val_rmse/dataloader_idx_1": 0.044375766068696976,
        "val_smoothness_pred/dataloader_idx_1": 0.04407230764627457,
        "val_smoothness_diff/dataloader_idx_1": 0.012186621315777302,
        "val_diff_smoothness/dataloader_idx_1": -0.0004224618023727089,
        "val_mi_original/dataloader_idx_2": 0.48204219341278076,
        "val_mi_tau/dataloader_idx_2": 0.5278464555740356,
        "val_z_original_std/dataloader_idx_2": 0.010538067668676376,
        "val_z_tau_std/dataloader_idx_2": 0.012971155345439911,
        "val_z_std_ratio/dataloader_idx_2": 0.8226659297943115,
        "val_mi_ratio/dataloader_idx_2": 0.9406564831733704,
        "val_tau_loss/dataloader_idx_2": 0.003610118990764022
    },
    "uba_MMD_VAE": {
        "val_total_loss/dataloader_idx_0": 0.0052907150238752365,
        "val_tau_loss/dataloader_idx_0": 0.002340012928470969,
        "val_sdf_loss/dataloader_idx_0": 0.004432965070009232,
        "val_orthogonality_loss/dataloader_idx_0": 0.0,
        "val_reg_loss/dataloader_idx_0": 0.0,
        "val_mmd_loss/dataloader_idx_0": 0.06237471476197243,
        "val_mae/dataloader_idx_1": 0.03201111778616905,
        "val_rmse/dataloader_idx_1": 0.05391819775104523,
        "val_smoothness_pred/dataloader_idx_1": 0.04756567254662514,
        "val_smoothness_diff/dataloader_idx_1": 0.022985467687249184,
        "val_diff_smoothness/dataloader_idx_1": 0.0030708969570696354,
        "val_mi_original/dataloader_idx_2": 0.5362115502357483,
        "val_mi_tau/dataloader_idx_2": 0.9945202469825745,
        "val_z_original_std/dataloader_idx_2": 0.03430035710334778,
        "val_z_tau_std/dataloader_idx_2": 0.05283806473016739,
        "val_z_std_ratio/dataloader_idx_2": 0.6012724041938782,
        "val_mi_ratio/dataloader_idx_2": 0.543984591960907,
        "val_tau_loss/dataloader_idx_2": 0.004207063466310501
    },
    "uba_MMD_VAE_DeepSDF": {
        "val_total_loss/dataloader_idx_0": 0.004533710423856974,
        "val_tau_loss/dataloader_idx_0": 0.001488285488449037,
        "val_sdf_loss/dataloader_idx_0": 0.004138493910431862,
        "val_orthogonality_loss/dataloader_idx_0": 0.0,
        "val_reg_loss/dataloader_idx_0": 0.0,
        "val_mmd_loss/dataloader_idx_0": 0.024638904258608818,
        "val_mae/dataloader_idx_1": 0.016946863383054733,
        "val_rmse/dataloader_idx_1": 0.046051669865846634,
        "val_smoothness_pred/dataloader_idx_1": 0.04340919852256775,
        "val_smoothness_diff/dataloader_idx_1": 0.01238828431814909,
        "val_diff_smoothness/dataloader_idx_1": -0.0010855745058506727,
        "val_mi_original/dataloader_idx_2": 0.5165272355079651,
        "val_mi_tau/dataloader_idx_2": 0.6711837649345398,
        "val_z_original_std/dataloader_idx_2": 0.03203500434756279,
        "val_z_tau_std/dataloader_idx_2": 0.0359964594244957,
        "val_z_std_ratio/dataloader_idx_2": 0.8864250779151917,
        "val_mi_ratio/dataloader_idx_2": 0.8261468410491943,
        "val_tau_loss/dataloader_idx_2": 0.005669513251632452
    },
    "uba_VAE": {
        "val_total_loss/dataloader_idx_0": 0.05325942859053612,
        "val_kl_divergence/dataloader_idx_0": 0.00014790566638112068,
        "val_sdf_loss/dataloader_idx_0": 0.03747913986444473,
        "val_tau_loss/dataloader_idx_0": 0.15765640139579773,
        "val_orthogonality_loss/dataloader_idx_0": 0.0,
        "val_reg_loss/dataloader_idx_0": 0.0,
        "val_mae/dataloader_idx_1": 0.09852064400911331,
        "val_rmse/dataloader_idx_1": 0.17243412137031555,
        "val_smoothness_pred/dataloader_idx_1": 0.044415563344955444,
        "val_smoothness_diff/dataloader_idx_1": 0.045896682888269424,
        "val_diff_smoothness/dataloader_idx_1": -7.92099381214939e-05,
        "val_mi_original/dataloader_idx_2": 0.024719223380088806,
        "val_mi_tau/dataloader_idx_2": 0.024346448481082916,
        "val_z_original_std/dataloader_idx_2": 0.9976664781570435,
        "val_z_tau_std/dataloader_idx_2": 1.0015199184417725,
        "val_z_std_ratio/dataloader_idx_2": 0.9976885318756104,
        "val_mi_ratio/dataloader_idx_2": 13.86153793334961,
        "val_tau_loss/dataloader_idx_2": 0.01879110559821129
    },
    "uba_VAE_DeepSDF": {
        "val_total_loss/dataloader_idx_0": 0.05266232416033745,
        "val_kl_divergence/dataloader_idx_0": 1.418421288690297e-05,
        "val_sdf_loss/dataloader_idx_0": 0.03689495846629143,
        "val_tau_loss/dataloader_idx_0": 0.1576581597328186,
        "val_orthogonality_loss/dataloader_idx_0": 0.0,
        "val_reg_loss/dataloader_idx_0": 0.0,
        "val_mae/dataloader_idx_1": 0.08887114375829697,
        "val_rmse/dataloader_idx_1": 0.16995300352573395,
        "val_smoothness_pred/dataloader_idx_1": 0.04079670086503029,
        "val_smoothness_diff/dataloader_idx_1": 0.0392303504049778,
        "val_diff_smoothness/dataloader_idx_1": -0.0036980719305574894,
        "val_mi_original/dataloader_idx_2": 0.027916505932807922,
        "val_mi_tau/dataloader_idx_2": 0.026448404416441917,
        "val_z_original_std/dataloader_idx_2": 0.9958350658416748,
        "val_z_tau_std/dataloader_idx_2": 0.9953488707542419,
        "val_z_std_ratio/dataloader_idx_2": 1.0021977424621582,
        "val_mi_ratio/dataloader_idx_2": 20.034786224365234,
        "val_tau_loss/dataloader_idx_2": 0.018855765461921692
    }
}