{
    "uba_VAE_DeepSDF_minMI_05": {
        "val_total_loss/dataloader_idx_0": 0.07873783260583878,
        "val_kl_divergence/dataloader_idx_0": 0.3853442072868347,
        "val_sdf_loss/dataloader_idx_0": 0.03265655040740967,
        "val_tau_loss/dataloader_idx_0": 0.07546604424715042,
        "val_orthogonality_loss/dataloader_idx_0": 0.0,
        "val_reg_loss/dataloader_idx_0": 0.0,
        "val_mae/dataloader_idx_1": 0.08122862130403519,
        "val_rmse/dataloader_idx_1": 0.16089403629302979,
        "val_smoothness_pred/dataloader_idx_1": 0.06464537978172302,
        "val_smoothness_diff/dataloader_idx_1": 0.06068643182516098,
        "val_diff_smoothness/dataloader_idx_1": 0.020150603726506233,
        "val_mi_original/dataloader_idx_2": 0.028086207807064056,
        "val_mi_tau/dataloader_idx_2": 0.03067157231271267,
        "val_z_original_std/dataloader_idx_2": 0.9961659908294678,
        "val_z_tau_std/dataloader_idx_2": 0.8993351459503174,
        "val_z_std_ratio/dataloader_idx_2": 1.1095945835113525,
        "val_mi_ratio/dataloader_idx_2": 15.331986427307129,
        "val_tau_loss/dataloader_idx_2": 0.048605870455503464
    },
    "uba_VAE_DeepSDF_minMI_1": {
        "val_total_loss/dataloader_idx_0": 0.12270436435937881,
        "val_kl_divergence/dataloader_idx_0": 0.861868143081665,
        "val_sdf_loss/dataloader_idx_0": 0.031285613775253296,
        "val_tau_loss/dataloader_idx_0": 0.05233105272054672,
        "val_orthogonality_loss/dataloader_idx_0": 0.0,
        "val_reg_loss/dataloader_idx_0": 0.0,
        "val_mae/dataloader_idx_1": 0.07931161671876907,
        "val_rmse/dataloader_idx_1": 0.1586911380290985,
        "val_smoothness_pred/dataloader_idx_1": 0.05585860460996628,
        "val_smoothness_diff/dataloader_idx_1": 0.0515328049659729,
        "val_diff_smoothness/dataloader_idx_1": 0.011363831348717213,
        "val_mi_original/dataloader_idx_2": 0.02831888198852539,
        "val_mi_tau/dataloader_idx_2": 0.08246295154094696,
        "val_z_original_std/dataloader_idx_2": 0.9978010058403015,
        "val_z_tau_std/dataloader_idx_2": 0.7680310010910034,
        "val_z_std_ratio/dataloader_idx_2": 1.3023207187652588,
        "val_mi_ratio/dataloader_idx_2": 0.9985141754150391,
        "val_tau_loss/dataloader_idx_2": 0.04784611240029335
    },
    "uba_VAE_DeepSDF_minMI_10": {
        "val_total_loss/dataloader_idx_0": 0.33055251836776733,
        "val_kl_divergence/dataloader_idx_0": 2.98724627494812,
        "val_sdf_loss/dataloader_idx_0": 0.029899494722485542,
        "val_tau_loss/dataloader_idx_0": 0.01928231306374073,
        "val_orthogonality_loss/dataloader_idx_0": 0.0,
        "val_reg_loss/dataloader_idx_0": 0.0,
        "val_mae/dataloader_idx_1": 0.07462939620018005,
        "val_rmse/dataloader_idx_1": 0.14848342537879944,
        "val_smoothness_pred/dataloader_idx_1": 0.041836559772491455,
        "val_smoothness_diff/dataloader_idx_1": 0.03476927801966667,
        "val_diff_smoothness/dataloader_idx_1": -0.002658210229128599,
        "val_mi_original/dataloader_idx_2": 0.02799520641565323,
        "val_mi_tau/dataloader_idx_2": 0.42966461181640625,
        "val_z_original_std/dataloader_idx_2": 0.9960196018218994,
        "val_z_tau_std/dataloader_idx_2": 0.6407223343849182,
        "val_z_std_ratio/dataloader_idx_2": 1.5595746040344238,
        "val_mi_ratio/dataloader_idx_2": 0.06807742267847061,
        "val_tau_loss/dataloader_idx_2": 0.019821561872959137
    },
    "uba_VAE_DeepSDF_minMI_100": {
        "val_total_loss/dataloader_idx_0": 0.6887704730033875,
        "val_kl_divergence/dataloader_idx_0": 6.557394504547119,
        "val_sdf_loss/dataloader_idx_0": 0.02982667274773121,
        "val_tau_loss/dataloader_idx_0": 0.0320744514465332,
        "val_orthogonality_loss/dataloader_idx_0": 0.0,
        "val_reg_loss/dataloader_idx_0": 0.0,
        "val_mae/dataloader_idx_1": 0.07479367405176163,
        "val_rmse/dataloader_idx_1": 0.14759938418865204,
        "val_smoothness_pred/dataloader_idx_1": 0.04224545881152153,
        "val_smoothness_diff/dataloader_idx_1": 0.035380855202674866,
        "val_diff_smoothness/dataloader_idx_1": -0.002249315846711397,
        "val_mi_original/dataloader_idx_2": 0.028046634048223495,
        "val_mi_tau/dataloader_idx_2": 0.6803774237632751,
        "val_z_original_std/dataloader_idx_2": 0.9956714510917664,
        "val_z_tau_std/dataloader_idx_2": 0.4505569338798523,
        "val_z_std_ratio/dataloader_idx_2": 2.27567982673645,
        "val_mi_ratio/dataloader_idx_2": 0.042994752526283264,
        "val_tau_loss/dataloader_idx_2": 0.03182803839445114
    },
    "uba_VAE_DeepSDF_minMI_5": {
        "val_total_loss/dataloader_idx_0": 0.25444120168685913,
        "val_kl_divergence/dataloader_idx_0": 2.214134931564331,
        "val_sdf_loss/dataloader_idx_0": 0.030015408992767334,
        "val_tau_loss/dataloader_idx_0": 0.03013390116393566,
        "val_orthogonality_loss/dataloader_idx_0": 0.0,
        "val_reg_loss/dataloader_idx_0": 0.0,
        "val_mae/dataloader_idx_1": 0.07497595995664597,
        "val_rmse/dataloader_idx_1": 0.1493733525276184,
        "val_smoothness_pred/dataloader_idx_1": 0.04362782835960388,
        "val_smoothness_diff/dataloader_idx_1": 0.036804698407649994,
        "val_diff_smoothness/dataloader_idx_1": -0.0008669413509778678,
        "val_mi_original/dataloader_idx_2": 0.027930177748203278,
        "val_mi_tau/dataloader_idx_2": 0.322220116853714,
        "val_z_original_std/dataloader_idx_2": 0.9963669776916504,
        "val_z_tau_std/dataloader_idx_2": 0.6951926350593567,
        "val_z_std_ratio/dataloader_idx_2": 1.4401588439941406,
        "val_mi_ratio/dataloader_idx_2": 0.09648686647415161,
        "val_tau_loss/dataloader_idx_2": 0.0328359492123127
    },
    "uba_VAE_DeepSDF_minMI_50": {
        "val_total_loss/dataloader_idx_0": 0.5405285954475403,
        "val_kl_divergence/dataloader_idx_0": 5.076437473297119,
        "val_sdf_loss/dataloader_idx_0": 0.029477545991539955,
        "val_tau_loss/dataloader_idx_0": 0.03419845178723335,
        "val_orthogonality_loss/dataloader_idx_0": 0.0,
        "val_reg_loss/dataloader_idx_0": 0.0,
        "val_mae/dataloader_idx_1": 0.07449506968259811,
        "val_rmse/dataloader_idx_1": 0.14650192856788635,
        "val_smoothness_pred/dataloader_idx_1": 0.04326745867729187,
        "val_smoothness_diff/dataloader_idx_1": 0.03685586154460907,
        "val_diff_smoothness/dataloader_idx_1": -0.0012273102765902877,
        "val_mi_original/dataloader_idx_2": 0.028217701241374016,
        "val_mi_tau/dataloader_idx_2": 0.5890461206436157,
        "val_z_original_std/dataloader_idx_2": 0.995771050453186,
        "val_z_tau_std/dataloader_idx_2": 0.530815839767456,
        "val_z_std_ratio/dataloader_idx_2": 1.9124871492385864,
        "val_mi_ratio/dataloader_idx_2": 0.05147358775138855,
        "val_tau_loss/dataloader_idx_2": 0.03229755163192749
    }
}