{
    "uba_AE_DeepSDF_minMI_ldim12": {
        "val_total_loss/dataloader_idx_0": 0.002415010239928961,
        "val_tau_loss/dataloader_idx_0": 0.00020506010332610458,
        "val_reg_loss/dataloader_idx_0": 0.018476681783795357,
        "val_sdf_loss/dataloader_idx_0": 0.0005468277377076447,
        "val_mae/dataloader_idx_1": 0.0071807121858000755,
        "val_rmse/dataloader_idx_1": 0.017919819802045822,
        "val_smoothness_pred/dataloader_idx_1": 0.04488244652748108,
        "val_smoothness_diff/dataloader_idx_1": 0.006798005662858486,
        "val_diff_smoothness/dataloader_idx_1": -0.00030473960214294493,
        "val_mi_original/dataloader_idx_2": 0.45807674527168274,
        "val_mi_tau/dataloader_idx_2": 2.155224561691284,
        "val_z_original_std/dataloader_idx_2": 0.01680922508239746,
        "val_z_tau_std/dataloader_idx_2": 0.12718896567821503,
        "val_z_std_ratio/dataloader_idx_2": 0.13376973569393158,
        "val_mi_ratio/dataloader_idx_2": 0.21644921600818634,
        "val_tau_loss/dataloader_idx_2": 0.00046889871009625494
    },
    "uba_AE_DeepSDF_minMI_ldim15": {
        "val_total_loss/dataloader_idx_0": 0.002231045626103878,
        "val_tau_loss/dataloader_idx_0": 0.00021842672140337527,
        "val_reg_loss/dataloader_idx_0": 0.017085587605834007,
        "val_sdf_loss/dataloader_idx_0": 0.0005006403662264347,
        "val_mae/dataloader_idx_1": 0.006678836420178413,
        "val_rmse/dataloader_idx_1": 0.016574077308177948,
        "val_smoothness_pred/dataloader_idx_1": 0.04506072402000427,
        "val_smoothness_diff/dataloader_idx_1": 0.006351287942379713,
        "val_diff_smoothness/dataloader_idx_1": -0.00012646213872358203,
        "val_mi_original/dataloader_idx_2": 0.48826462030410767,
        "val_mi_tau/dataloader_idx_2": 2.5357742309570312,
        "val_z_original_std/dataloader_idx_2": 0.015315038152039051,
        "val_z_tau_std/dataloader_idx_2": 0.11568719148635864,
        "val_z_std_ratio/dataloader_idx_2": 0.13754808902740479,
        "val_mi_ratio/dataloader_idx_2": 0.19273751974105835,
        "val_tau_loss/dataloader_idx_2": 0.0007153340266086161
    },
    "uba_AE_DeepSDF_minMI_ldim20": {
        "val_total_loss/dataloader_idx_0": 0.0028001314494758844,
        "val_tau_loss/dataloader_idx_0": 0.00036286882823333144,
        "val_reg_loss/dataloader_idx_0": 0.02234547585248947,
        "val_sdf_loss/dataloader_idx_0": 0.0005293034482747316,
        "val_mae/dataloader_idx_1": 0.007163394708186388,
        "val_rmse/dataloader_idx_1": 0.017758995294570923,
        "val_smoothness_pred/dataloader_idx_1": 0.04492169991135597,
        "val_smoothness_diff/dataloader_idx_1": 0.006554029416292906,
        "val_diff_smoothness/dataloader_idx_1": -0.0002654872660059482,
        "val_mi_original/dataloader_idx_2": 0.48314639925956726,
        "val_mi_tau/dataloader_idx_2": 2.462800979614258,
        "val_z_original_std/dataloader_idx_2": 0.018675683066248894,
        "val_z_tau_std/dataloader_idx_2": 0.15125775337219238,
        "val_z_std_ratio/dataloader_idx_2": 0.13542740046977997,
        "val_mi_ratio/dataloader_idx_2": 0.1984894722700119,
        "val_tau_loss/dataloader_idx_2": 0.0003362256975378841
    },
    "uba_AE_DeepSDF_minMI_ldim25": {
        "val_total_loss/dataloader_idx_0": 0.0028913456480950117,
        "val_tau_loss/dataloader_idx_0": 0.000327390618622303,
        "val_reg_loss/dataloader_idx_0": 0.02312789298593998,
        "val_sdf_loss/dataloader_idx_0": 0.0005458284285850823,
        "val_mae/dataloader_idx_1": 0.007044839207082987,
        "val_rmse/dataloader_idx_1": 0.01771792396903038,
        "val_smoothness_pred/dataloader_idx_1": 0.04495972767472267,
        "val_smoothness_diff/dataloader_idx_1": 0.006591386627405882,
        "val_diff_smoothness/dataloader_idx_1": -0.00022745704336557537,
        "val_mi_original/dataloader_idx_2": 0.536443829536438,
        "val_mi_tau/dataloader_idx_2": 2.172189712524414,
        "val_z_original_std/dataloader_idx_2": 0.020065264776349068,
        "val_z_tau_std/dataloader_idx_2": 0.13816072046756744,
        "val_z_std_ratio/dataloader_idx_2": 0.14728152751922607,
        "val_mi_ratio/dataloader_idx_2": 0.25083035230636597,
        "val_tau_loss/dataloader_idx_2": 0.0005356646724976599
    },
    "uba_AE_DeepSDF_minMI_ldim4": {
        "val_total_loss/dataloader_idx_0": 0.008004888892173767,
        "val_tau_loss/dataloader_idx_0": 0.00124516268260777,
        "val_reg_loss/dataloader_idx_0": 0.054728005081415176,
        "val_sdf_loss/dataloader_idx_0": 0.0024075652472674847,
        "val_mae/dataloader_idx_1": 0.012260221876204014,
        "val_rmse/dataloader_idx_1": 0.03092755563557148,
        "val_smoothness_pred/dataloader_idx_1": 0.04430387541651726,
        "val_smoothness_diff/dataloader_idx_1": 0.010175128467381,
        "val_diff_smoothness/dataloader_idx_1": -0.0008833055617287755,
        "val_mi_original/dataloader_idx_2": 0.8767125010490417,
        "val_mi_tau/dataloader_idx_2": 2.146751880645752,
        "val_z_original_std/dataloader_idx_2": 0.0069577451795339584,
        "val_z_tau_std/dataloader_idx_2": 0.0578673779964447,
        "val_z_std_ratio/dataloader_idx_2": 0.12163743376731873,
        "val_mi_ratio/dataloader_idx_2": 0.40888068079948425,
        "val_tau_loss/dataloader_idx_2": 0.0017580545973032713
    },
    "uba_AE_DeepSDF_minMI_ldim6": {
        "val_total_loss/dataloader_idx_0": 0.0031146653927862644,
        "val_tau_loss/dataloader_idx_0": 0.00043679613736458123,
        "val_reg_loss/dataloader_idx_0": 0.022494999691843987,
        "val_sdf_loss/dataloader_idx_0": 0.0008214671979658306,
        "val_mae/dataloader_idx_1": 0.007912029512226582,
        "val_rmse/dataloader_idx_1": 0.01971661113202572,
        "val_smoothness_pred/dataloader_idx_1": 0.044883813709020615,
        "val_smoothness_diff/dataloader_idx_1": 0.007539595011621714,
        "val_diff_smoothness/dataloader_idx_1": -0.00030337716452777386,
        "val_mi_original/dataloader_idx_2": 0.48027801513671875,
        "val_mi_tau/dataloader_idx_2": 1.7396295070648193,
        "val_z_original_std/dataloader_idx_2": 0.01290301326662302,
        "val_z_tau_std/dataloader_idx_2": 0.09475063532590866,
        "val_z_std_ratio/dataloader_idx_2": 0.13150376081466675,
        "val_mi_ratio/dataloader_idx_2": 0.27929574251174927,
        "val_tau_loss/dataloader_idx_2": 0.0006802196148782969
    },
    "uba_AE_DeepSDF_minMI_ldim9": {
        "val_total_loss/dataloader_idx_0": 0.0032828515395522118,
        "val_tau_loss/dataloader_idx_0": 0.00033691379940137267,
        "val_reg_loss/dataloader_idx_0": 0.026481252163648605,
        "val_sdf_loss/dataloader_idx_0": 0.0006010194192640483,
        "val_mae/dataloader_idx_1": 0.007208438590168953,
        "val_rmse/dataloader_idx_1": 0.01827087253332138,
        "val_smoothness_pred/dataloader_idx_1": 0.04512353241443634,
        "val_smoothness_diff/dataloader_idx_1": 0.006734305527061224,
        "val_diff_smoothness/dataloader_idx_1": -6.36575641692616e-05,
        "val_mi_original/dataloader_idx_2": 0.3839161992073059,
        "val_mi_tau/dataloader_idx_2": 2.0215632915496826,
        "val_z_original_std/dataloader_idx_2": 0.01845819689333439,
        "val_z_tau_std/dataloader_idx_2": 0.10515717417001724,
        "val_z_std_ratio/dataloader_idx_2": 0.1784387230873108,
        "val_mi_ratio/dataloader_idx_2": 0.19637198746204376,
        "val_tau_loss/dataloader_idx_2": 0.0005204323679208755
    }
}
