{
    "uba_AE_DeepSDF_minMI_lr000005_2": {
        "val_total_loss/dataloader_idx_0": 0.002405310980975628,
        "val_tau_loss/dataloader_idx_0": 0.001470034709200263,
        "val_sdf_loss/dataloader_idx_0": 0.0018779098754748702,
        "val_orthogonality_loss/dataloader_idx_0": 0.0,
        "val_reg_loss/dataloader_idx_0": 0.003804004518315196,
        "val_mae/dataloader_idx_1": 0.011274143122136593,
        "val_rmse/dataloader_idx_1": 0.03011646308004856,
        "val_smoothness_pred/dataloader_idx_1": 0.04435482993721962,
        "val_smoothness_diff/dataloader_idx_1": 0.009407280012965202,
        "val_diff_smoothness/dataloader_idx_1": -0.00013994389155413955,
        "val_mi_original/dataloader_idx_2": 0.4138989746570587,
        "val_mi_tau/dataloader_idx_2": 0.6713274121284485,
        "val_z_original_std/dataloader_idx_2": 0.008485160768032074,
        "val_z_tau_std/dataloader_idx_2": 0.009432386606931686,
        "val_z_std_ratio/dataloader_idx_2": 0.8804023861885071,
        "val_mi_ratio/dataloader_idx_2": 0.6259486675262451,
        "val_tau_loss/dataloader_idx_2": 0.004915768746286631
    },
    "uba_AE_DeepSDF_minMI_lr00002_2": {
        "val_total_loss/dataloader_idx_0": 0.0037286763545125723,
        "val_tau_loss/dataloader_idx_0": 0.00979625154286623,
        "val_sdf_loss/dataloader_idx_0": 0.002238285494968295,
        "val_orthogonality_loss/dataloader_idx_0": 0.0,
        "val_reg_loss/dataloader_idx_0": 0.0051076291128993034,
        "val_mae/dataloader_idx_1": 0.013184004463255405,
        "val_rmse/dataloader_idx_1": 0.03478102758526802,
        "val_smoothness_pred/dataloader_idx_1": 0.04431644454598427,
        "val_smoothness_diff/dataloader_idx_1": 0.010213515721261501,
        "val_diff_smoothness/dataloader_idx_1": -0.0001783307088771835,
        "val_mi_original/dataloader_idx_2": 0.3645170331001282,
        "val_mi_tau/dataloader_idx_2": 0.8391938805580139,
        "val_z_original_std/dataloader_idx_2": 0.00940314494073391,
        "val_z_tau_std/dataloader_idx_2": 0.010916831903159618,
        "val_z_std_ratio/dataloader_idx_2": 0.8656557202339172,
        "val_mi_ratio/dataloader_idx_2": 0.4507812559604645,
        "val_tau_loss/dataloader_idx_2": 0.0026865736581385136
    },
    "uba_AE_DeepSDF_minMI_lr000001_2": {
        "val_total_loss/dataloader_idx_0": 0.006740154232829809,
        "val_tau_loss/dataloader_idx_0": 0.03259774297475815,
        "val_sdf_loss/dataloader_idx_0": 0.00298242992721498,
        "val_orthogonality_loss/dataloader_idx_0": 0.0,
        "val_reg_loss/dataloader_idx_0": 0.004979507997632027,
        "val_mae/dataloader_idx_1": 0.01562778651714325,
        "val_rmse/dataloader_idx_1": 0.04157530888915062,
        "val_smoothness_pred/dataloader_idx_1": 0.043463148176670074,
        "val_smoothness_diff/dataloader_idx_1": 0.011934716254472733,
        "val_diff_smoothness/dataloader_idx_1": -0.0010316248517483473,
        "val_mi_original/dataloader_idx_2": 0.37012749910354614,
        "val_mi_tau/dataloader_idx_2": 0.8412064909934998,
        "val_z_original_std/dataloader_idx_2": 0.010515758767724037,
        "val_z_tau_std/dataloader_idx_2": 0.010750838555395603,
        "val_z_std_ratio/dataloader_idx_2": 1.0163954496383667,
        "val_mi_ratio/dataloader_idx_2": 0.4484521448612213,
        "val_tau_loss/dataloader_idx_2": 0.002293236320838332
    }
}