{
    "uba_AE_DeepSDF_minMI": {
        "val_total_loss/dataloader_idx_0": 0.0032828515395522118,
        "val_tau_loss/dataloader_idx_0": 0.00033691379940137267,
        "val_reg_loss/dataloader_idx_0": 0.026481252163648605,
        "val_sdf_loss/dataloader_idx_0": 0.0006010194192640483,
        "val_mae/dataloader_idx_1": 0.007208438590168953,
        "val_rmse/dataloader_idx_1": 0.01827087253332138,
        "val_smoothness_pred/dataloader_idx_1": 0.04512353241443634,
        "val_smoothness_diff/dataloader_idx_1": 0.006734305527061224,
        "val_diff_smoothness/dataloader_idx_1": -6.36575641692616e-05,
        "val_mi_original/dataloader_idx_2": 0.3839161992073059,
        "val_mi_tau/dataloader_idx_2": 2.0215632915496826,
        "val_z_original_std/dataloader_idx_2": 0.01845819689333439,
        "val_z_tau_std/dataloader_idx_2": 0.10515717417001724,
        "val_z_std_ratio/dataloader_idx_2": 0.1784387230873108,
        "val_mi_ratio/dataloader_idx_2": 0.19637198746204376,
        "val_tau_loss/dataloader_idx_2": 0.0005204323679208755
    },
    "uba_AE_minMI": {
        "val_total_loss/dataloader_idx_0": 0.005662852432578802,
        "val_tau_loss/dataloader_idx_0": 0.0004533980682026595,
        "val_reg_loss/dataloader_idx_0": 0.02192501351237297,
        "val_sdf_loss/dataloader_idx_0": 0.0034250211901962757,
        "val_mae/dataloader_idx_1": 0.02751115709543228,
        "val_rmse/dataloader_idx_1": 0.04707860201597214,
        "val_smoothness_pred/dataloader_idx_1": 0.04859256371855736,
        "val_smoothness_diff/dataloader_idx_1": 0.022912416607141495,
        "val_diff_smoothness/dataloader_idx_1": 0.0034053782001137733,
        "val_mi_original/dataloader_idx_2": 0.4399203360080719,
        "val_mi_tau/dataloader_idx_2": 2.484623432159424,
        "val_z_original_std/dataloader_idx_2": 0.019142940640449524,
        "val_z_tau_std/dataloader_idx_2": 0.11683371663093567,
        "val_z_std_ratio/dataloader_idx_2": 0.1661842167377472,
        "val_mi_ratio/dataloader_idx_2": 0.17864201962947845,
        "val_tau_loss/dataloader_idx_2": 0.0004619846004061401
    },
    "uba_MMD_VAE_DeepSDF_minMI": {
        "val_total_loss/dataloader_idx_0": 0.002580252941697836,
        "val_tau_loss/dataloader_idx_0": 0.0002218264708062634,
        "val_sdf_loss/dataloader_idx_0": 0.0006644853274337947,
        "val_orthogonality_loss/dataloader_idx_0": 0.0,
        "val_reg_loss/dataloader_idx_0": 0.0,
        "val_mmd_loss/dataloader_idx_0": 0.18935836851596832,
        "val_mae/dataloader_idx_1": 0.007712665479630232,
        "val_rmse/dataloader_idx_1": 0.019151117652654648,
        "val_smoothness_pred/dataloader_idx_1": 0.04498714581131935,
        "val_smoothness_diff/dataloader_idx_1": 0.007038285955786705,
        "val_diff_smoothness/dataloader_idx_1": -0.00020004856924060732,
        "val_mi_original/dataloader_idx_2": 0.4590105414390564,
        "val_mi_tau/dataloader_idx_2": 2.5139122009277344,
        "val_z_original_std/dataloader_idx_2": 0.06773649156093597,
        "val_z_tau_std/dataloader_idx_2": 0.421563982963562,
        "val_z_std_ratio/dataloader_idx_2": 0.1608256697654724,
        "val_mi_ratio/dataloader_idx_2": 0.1841873973608017,
        "val_tau_loss/dataloader_idx_2": 0.0007463282090611756
    },
    "uba_MMD_VAE_minMI": {
        "val_total_loss/dataloader_idx_0": 0.006915932986885309,
        "val_tau_loss/dataloader_idx_0": 0.00037456481368280947,
        "val_sdf_loss/dataloader_idx_0": 0.003951415419578552,
        "val_orthogonality_loss/dataloader_idx_0": 0.0,
        "val_reg_loss/dataloader_idx_0": 0.0,
        "val_mmd_loss/dataloader_idx_0": 0.29270628094673157,
        "val_mae/dataloader_idx_1": 0.03168870136141777,
        "val_rmse/dataloader_idx_1": 0.05186064913868904,
        "val_smoothness_pred/dataloader_idx_1": 0.04873722791671753,
        "val_smoothness_diff/dataloader_idx_1": 0.024404048919677734,
        "val_diff_smoothness/dataloader_idx_1": 0.0035500340163707733,
        "val_mi_original/dataloader_idx_2": 0.5384267568588257,
        "val_mi_tau/dataloader_idx_2": 1.9969544410705566,
        "val_z_original_std/dataloader_idx_2": 0.08996356278657913,
        "val_z_tau_std/dataloader_idx_2": 0.5018122792243958,
        "val_z_std_ratio/dataloader_idx_2": 0.18622949719429016,
        "val_mi_ratio/dataloader_idx_2": 0.2870444655418396,
        "val_tau_loss/dataloader_idx_2": 0.0009275056654587388
    },
    "uba_VAE_DeepSDF_minMI": {
        "val_kl_divergence/dataloader_idx_0": 0.7655184864997864,
        "val_tau_loss/dataloader_idx_0": 0.04469338059425354,
        "val_reg_loss/dataloader_idx_0": 0.0,
        "val_sdf_loss/dataloader_idx_0": 0.03169040009379387,
        "val_total_loss/dataloader_idx_0": 0.11271162331104279,
        "val_mae/dataloader_idx_1": 0.07562460750341415,
        "val_rmse/dataloader_idx_1": 0.1494329869747162,
        "val_smoothness_pred/dataloader_idx_1": 0.05343862995505333,
        "val_smoothness_diff/dataloader_idx_1": 0.048061173409223557,
        "val_diff_smoothness/dataloader_idx_1": 0.00825144350528717,
        "val_mi_original/dataloader_idx_2": 0.02448129467666149,
        "val_mi_tau/dataloader_idx_2": 0.1464337706565857,
        "val_z_original_std/dataloader_idx_2": 0.9962186217308044,
        "val_z_tau_std/dataloader_idx_2": 0.8444555401802063,
        "val_z_std_ratio/dataloader_idx_2": 1.1837679147720337,
        "val_mi_ratio/dataloader_idx_2": 0.22870184481143951,
        "val_tau_loss/dataloader_idx_2": 0.037984699010849
    },
    "uba_VAE_minMI": {
        "val_kl_divergence/dataloader_idx_0": 0.843055248260498,
        "val_tau_loss/dataloader_idx_0": 0.04555710405111313,
        "val_reg_loss/dataloader_idx_0": 0.0,
        "val_sdf_loss/dataloader_idx_0": 0.03274741768836975,
        "val_total_loss/dataloader_idx_0": 0.12160848081111908,
        "val_mae/dataloader_idx_1": 0.08881865441799164,
        "val_rmse/dataloader_idx_1": 0.1547996550798416,
        "val_smoothness_pred/dataloader_idx_1": 0.05749133229255676,
        "val_smoothness_diff/dataloader_idx_1": 0.05618487298488617,
        "val_diff_smoothness/dataloader_idx_1": 0.012304146774113178,
        "val_mi_original/dataloader_idx_2": 0.025341777130961418,
        "val_mi_tau/dataloader_idx_2": 0.16732387244701385,
        "val_z_original_std/dataloader_idx_2": 0.9972994923591614,
        "val_z_tau_std/dataloader_idx_2": 0.8314980268478394,
        "val_z_std_ratio/dataloader_idx_2": 1.2065861225128174,
        "val_mi_ratio/dataloader_idx_2": 0.17845478653907776,
        "val_tau_loss/dataloader_idx_2": 0.03881511464715004
    }
}