{
    "uba_AE_DeepSDF_minMI_lr000001_2": {
        "val_total_loss/dataloader_idx_0": 0.0047855437733232975,
        "val_tau_loss/dataloader_idx_0": 0.00869727972894907,
        "val_sdf_loss/dataloader_idx_0": 0.0030680319759994745,
        "val_orthogonality_loss/dataloader_idx_0": 0.0,
        "val_reg_loss/dataloader_idx_0": 0.00847785733640194,
        "val_mae/dataloader_idx_1": 0.015919217839837074,
        "val_rmse/dataloader_idx_1": 0.041303519159555435,
        "val_smoothness_pred/dataloader_idx_1": 0.043884098529815674,
        "val_smoothness_diff/dataloader_idx_1": 0.011943873949348927,
        "val_diff_smoothness/dataloader_idx_1": -0.0006106711225584149,
        "val_mi_original/dataloader_idx_2": 0.42960694432258606,
        "val_mi_tau/dataloader_idx_2": 0.87520432472229,
        "val_z_original_std/dataloader_idx_2": 0.008972090668976307,
        "val_z_tau_std/dataloader_idx_2": 0.00878055952489376,
        "val_z_std_ratio/dataloader_idx_2": 1.016221523284912,
        "val_mi_ratio/dataloader_idx_2": 0.4907383322715759,
        "val_tau_loss/dataloader_idx_2": 0.0026757284067571163
    },
    "uba_AE_DeepSDF_minMI_lr00001_2": {
        "val_total_loss/dataloader_idx_0": 0.0025012188125401735,
        "val_tau_loss/dataloader_idx_0": 0.006106381304562092,
        "val_sdf_loss/dataloader_idx_0": 0.0015249382704496384,
        "val_orthogonality_loss/dataloader_idx_0": 0.0,
        "val_reg_loss/dataloader_idx_0": 0.003656600369140506,
        "val_mae/dataloader_idx_1": 0.010924509726464748,
        "val_rmse/dataloader_idx_1": 0.02900758758187294,
        "val_smoothness_pred/dataloader_idx_1": 0.04417446628212929,
        "val_smoothness_diff/dataloader_idx_1": 0.008851824328303337,
        "val_diff_smoothness/dataloader_idx_1": -0.00032030383590608835,
        "val_mi_original/dataloader_idx_2": 0.4224926829338074,
        "val_mi_tau/dataloader_idx_2": 0.9678393602371216,
        "val_z_original_std/dataloader_idx_2": 0.009314218536019325,
        "val_z_tau_std/dataloader_idx_2": 0.011726017110049725,
        "val_z_std_ratio/dataloader_idx_2": 0.7994594573974609,
        "val_mi_ratio/dataloader_idx_2": 0.4452377259731293,
        "val_tau_loss/dataloader_idx_2": 0.0020765354856848717
    },
    "uba_AE_DeepSDF_minMI_lr0001_2": {
        "val_total_loss/dataloader_idx_0": 0.004615774843841791,
        "val_tau_loss/dataloader_idx_0": 0.006199399009346962,
        "val_sdf_loss/dataloader_idx_0": 0.003425190458074212,
        "val_orthogonality_loss/dataloader_idx_0": 0.0,
        "val_reg_loss/dataloader_idx_0": 0.005706328898668289,
        "val_mae/dataloader_idx_1": 0.016503827646374702,
        "val_rmse/dataloader_idx_1": 0.04158186540007591,
        "val_smoothness_pred/dataloader_idx_1": 0.04323504865169525,
        "val_smoothness_diff/dataloader_idx_1": 0.012184781953692436,
        "val_diff_smoothness/dataloader_idx_1": -0.0012597290333360434,
        "val_mi_original/dataloader_idx_2": 0.4810826778411865,
        "val_mi_tau/dataloader_idx_2": 1.07718026638031,
        "val_z_original_std/dataloader_idx_2": 0.009590950794517994,
        "val_z_tau_std/dataloader_idx_2": 0.01341636385768652,
        "val_z_std_ratio/dataloader_idx_2": 0.5955843925476074,
        "val_mi_ratio/dataloader_idx_2": 0.4532478451728821,
        "val_tau_loss/dataloader_idx_2": 0.07955302298069
    },
    "uba_AE_DeepSDF_minMI_lr000005_2": {
        "val_total_loss/dataloader_idx_0": 0.002193500055000186,
        "val_tau_loss/dataloader_idx_0": 0.001564832404255867,
        "val_sdf_loss/dataloader_idx_0": 0.0016786508494988084,
        "val_orthogonality_loss/dataloader_idx_0": 0.0,
        "val_reg_loss/dataloader_idx_0": 0.003583767684176564,
        "val_mae/dataloader_idx_1": 0.010790239088237286,
        "val_rmse/dataloader_idx_1": 0.02890867367386818,
        "val_smoothness_pred/dataloader_idx_1": 0.04457826912403107,
        "val_smoothness_diff/dataloader_idx_1": 0.008880763314664364,
        "val_diff_smoothness/dataloader_idx_1": 8.349499694304541e-05,
        "val_mi_original/dataloader_idx_2": 0.3726373016834259,
        "val_mi_tau/dataloader_idx_2": 0.8021276593208313,
        "val_z_original_std/dataloader_idx_2": 0.009205285459756851,
        "val_z_tau_std/dataloader_idx_2": 0.010628198273479939,
        "val_z_std_ratio/dataloader_idx_2": 0.8547428250312805,
        "val_mi_ratio/dataloader_idx_2": 0.4652298390865326,
        "val_tau_loss/dataloader_idx_2": 0.005064480938017368
    },
    "uba_AE_DeepSDF_minMI_lr00002_2": {
        "val_total_loss/dataloader_idx_0": 0.00244134571403265,
        "val_tau_loss/dataloader_idx_0": 0.007774801459163427,
        "val_sdf_loss/dataloader_idx_0": 0.0012266221456229687,
        "val_orthogonality_loss/dataloader_idx_0": 0.0,
        "val_reg_loss/dataloader_idx_0": 0.004372416529804468,
        "val_mae/dataloader_idx_1": 0.010068093426525593,
        "val_rmse/dataloader_idx_1": 0.027251530438661575,
        "val_smoothness_pred/dataloader_idx_1": 0.044473666697740555,
        "val_smoothness_diff/dataloader_idx_1": 0.008517487905919552,
        "val_diff_smoothness/dataloader_idx_1": -2.1109059161972255e-05,
        "val_mi_original/dataloader_idx_2": 0.3903625011444092,
        "val_mi_tau/dataloader_idx_2": 0.887416660785675,
        "val_z_original_std/dataloader_idx_2": 0.012436087243258953,
        "val_z_tau_std/dataloader_idx_2": 0.010266448371112347,
        "val_z_std_ratio/dataloader_idx_2": 1.1612190008163452,
        "val_mi_ratio/dataloader_idx_2": 0.4431014657020569,
        "val_tau_loss/dataloader_idx_2": 0.002748446073383093
    }
}