{
    "uba_AE_DeepSDF_minMI_tldim2": {
        "val_total_loss/dataloader_idx_0": 0.0026110848411917686,
        "val_tau_loss/dataloader_idx_0": 0.00036403219564817846,
        "val_reg_loss/dataloader_idx_0": 0.020151706412434578,
        "val_sdf_loss/dataloader_idx_0": 0.0005595124093815684,
        "val_mae/dataloader_idx_1": 0.007324018981307745,
        "val_rmse/dataloader_idx_1": 0.017991850152611732,
        "val_smoothness_pred/dataloader_idx_1": 0.04500139504671097,
        "val_smoothness_diff/dataloader_idx_1": 0.006721148267388344,
        "val_diff_smoothness/dataloader_idx_1": -0.0001857940951595083,
        "val_mi_original/dataloader_idx_2": 0.5563746094703674,
        "val_mi_tau/dataloader_idx_2": 2.2110471725463867,
        "val_z_original_std/dataloader_idx_2": 0.016167795285582542,
        "val_z_tau_std/dataloader_idx_2": 0.13095350563526154,
        "val_z_std_ratio/dataloader_idx_2": 0.12695905566215515,
        "val_mi_ratio/dataloader_idx_2": 0.2596234083175659,
        "val_tau_loss/dataloader_idx_2": 0.00038138002855703235
    },
    "uba_AE_DeepSDF_minMI_tldim3": {
        "val_total_loss/dataloader_idx_0": 0.002231045626103878,
        "val_tau_loss/dataloader_idx_0": 0.00021842672140337527,
        "val_reg_loss/dataloader_idx_0": 0.017085587605834007,
        "val_sdf_loss/dataloader_idx_0": 0.0005006403662264347,
        "val_mae/dataloader_idx_1": 0.006678836420178413,
        "val_rmse/dataloader_idx_1": 0.016574077308177948,
        "val_smoothness_pred/dataloader_idx_1": 0.04506072402000427,
        "val_smoothness_diff/dataloader_idx_1": 0.006351287942379713,
        "val_diff_smoothness/dataloader_idx_1": -0.00012646213872358203,
        "val_mi_original/dataloader_idx_2": 0.48826462030410767,
        "val_mi_tau/dataloader_idx_2": 2.5357742309570312,
        "val_z_original_std/dataloader_idx_2": 0.015315038152039051,
        "val_z_tau_std/dataloader_idx_2": 0.11568719148635864,
        "val_z_std_ratio/dataloader_idx_2": 0.13754808902740479,
        "val_mi_ratio/dataloader_idx_2": 0.19273751974105835,
        "val_tau_loss/dataloader_idx_2": 0.0007153340266086161
    },
    "uba_AE_DeepSDF_minMI_tldim4": {
        "val_total_loss/dataloader_idx_0": 0.0022689802572131157,
        "val_tau_loss/dataloader_idx_0": 0.0002217501460108906,
        "val_reg_loss/dataloader_idx_0": 0.017602793872356415,
        "val_sdf_loss/dataloader_idx_0": 0.00048651802353560925,
        "val_mae/dataloader_idx_1": 0.006945212837308645,
        "val_rmse/dataloader_idx_1": 0.01708536222577095,
        "val_smoothness_pred/dataloader_idx_1": 0.04499385505914688,
        "val_smoothness_diff/dataloader_idx_1": 0.0065637677907943726,
        "val_diff_smoothness/dataloader_idx_1": -0.00019332974625285715,
        "val_mi_original/dataloader_idx_2": 0.5004379153251648,
        "val_mi_tau/dataloader_idx_2": 2.315821886062622,
        "val_z_original_std/dataloader_idx_2": 0.017466790974140167,
        "val_z_tau_std/dataloader_idx_2": 0.10889003425836563,
        "val_z_std_ratio/dataloader_idx_2": 0.16229580342769623,
        "val_mi_ratio/dataloader_idx_2": 0.21759441494941711,
        "val_tau_loss/dataloader_idx_2": 0.00047925623948685825
    },
    "uba_AE_DeepSDF_minMI_tldim5": {
        "val_total_loss/dataloader_idx_0": 0.0020358075853437185,
        "val_tau_loss/dataloader_idx_0": 0.00030458546825684607,
        "val_reg_loss/dataloader_idx_0": 0.014298400841653347,
        "val_sdf_loss/dataloader_idx_0": 0.0005755044403485954,
        "val_mae/dataloader_idx_1": 0.006992226932197809,
        "val_rmse/dataloader_idx_1": 0.017330750823020935,
        "val_smoothness_pred/dataloader_idx_1": 0.045083314180374146,
        "val_smoothness_diff/dataloader_idx_1": 0.0065813432447612286,
        "val_diff_smoothness/dataloader_idx_1": -0.00010388109512859955,
        "val_mi_original/dataloader_idx_2": 0.4655474126338959,
        "val_mi_tau/dataloader_idx_2": 1.8421947956085205,
        "val_z_original_std/dataloader_idx_2": 0.01809040457010269,
        "val_z_tau_std/dataloader_idx_2": 0.08635998517274857,
        "val_z_std_ratio/dataloader_idx_2": 0.21420778334140778,
        "val_mi_ratio/dataloader_idx_2": 0.25671467185020447,
        "val_tau_loss/dataloader_idx_2": 0.0004929821589030325
    },
    "uba_AE_DeepSDF_minMI_tldim6": {
        "val_total_loss/dataloader_idx_0": 0.002159051364287734,
        "val_tau_loss/dataloader_idx_0": 0.0001936672633746639,
        "val_reg_loss/dataloader_idx_0": 0.016045602038502693,
        "val_sdf_loss/dataloader_idx_0": 0.0005351084982976317,
        "val_mae/dataloader_idx_1": 0.0070181614719331264,
        "val_rmse/dataloader_idx_1": 0.017636314034461975,
        "val_smoothness_pred/dataloader_idx_1": 0.04486794024705887,
        "val_smoothness_diff/dataloader_idx_1": 0.006610770244151354,
        "val_diff_smoothness/dataloader_idx_1": -0.000319250684697181,
        "val_mi_original/dataloader_idx_2": 0.4251612424850464,
        "val_mi_tau/dataloader_idx_2": 2.2993905544281006,
        "val_z_original_std/dataloader_idx_2": 0.017254803329706192,
        "val_z_tau_std/dataloader_idx_2": 0.1022535040974617,
        "val_z_std_ratio/dataloader_idx_2": 0.1686301827430725,
        "val_mi_ratio/dataloader_idx_2": 0.18478964269161224,
        "val_tau_loss/dataloader_idx_2": 0.0003156779275741428
    }
}