{
    "uba_AE": {
        "val_total_loss/dataloader_idx_0": 0.0022673900239169598,
        "val_tau_loss/dataloader_idx_0": 0.0002987250918522477,
        "val_reg_loss/dataloader_idx_0": 0.003676627529785037,
        "val_sdf_loss/dataloader_idx_0": 0.0018698499770835042,
        "val_mae/dataloader_idx_1": 0.02185226045548916,
        "val_rmse/dataloader_idx_1": 0.03502262756228447,
        "val_smoothness_pred/dataloader_idx_1": 0.048704661428928375,
        "val_smoothness_diff/dataloader_idx_1": 0.01994887739419937,
        "val_diff_smoothness/dataloader_idx_1": 0.0035174658987671137,
        "val_mi_original/dataloader_idx_2": 0.47786572575569153,
        "val_mi_tau/dataloader_idx_2": 0.9943771362304688,
        "val_z_original_std/dataloader_idx_2": 0.017275065183639526,
        "val_z_tau_std/dataloader_idx_2": 0.017009537667036057,
        "val_z_std_ratio/dataloader_idx_2": 1.0252254009246826,
        "val_mi_ratio/dataloader_idx_2": 0.4984551966190338,
        "val_tau_loss/dataloader_idx_2": 0.0014242545003071427
    },
    "uba_AE_DeepSDF": {
        "val_total_loss/dataloader_idx_0": 0.0006879924330860376,
        "val_tau_loss/dataloader_idx_0": 0.00023879673972260207,
        "val_reg_loss/dataloader_idx_0": 0.0029761656187474728,
        "val_sdf_loss/dataloader_idx_0": 0.00036649469984695315,
        "val_mae/dataloader_idx_1": 0.006003482732921839,
        "val_rmse/dataloader_idx_1": 0.014683292247354984,
        "val_smoothness_pred/dataloader_idx_1": 0.04531260207295418,
        "val_smoothness_diff/dataloader_idx_1": 0.0058189393021166325,
        "val_diff_smoothness/dataloader_idx_1": 0.0001254164963029325,
        "val_mi_original/dataloader_idx_2": 0.4201120436191559,
        "val_mi_tau/dataloader_idx_2": 0.6371201276779175,
        "val_z_original_std/dataloader_idx_2": 0.017038976773619652,
        "val_z_tau_std/dataloader_idx_2": 0.01606321521103382,
        "val_z_std_ratio/dataloader_idx_2": 1.0696197748184204,
        "val_mi_ratio/dataloader_idx_2": 0.675154447555542,
        "val_tau_loss/dataloader_idx_2": 0.0008403022075071931
    },
    "uba_MMD_VAE": {
        "val_total_loss/dataloader_idx_0": 0.0030159333255141973,
        "val_tau_loss/dataloader_idx_0": 0.00027465648599900305,
        "val_sdf_loss/dataloader_idx_0": 0.0021468023769557476,
        "val_orthogonality_loss/dataloader_idx_0": 0.0,
        "val_reg_loss/dataloader_idx_0": 0.0,
        "val_mmd_loss/dataloader_idx_0": 0.08416621387004852,
        "val_mae/dataloader_idx_1": 0.024290287867188454,
        "val_rmse/dataloader_idx_1": 0.037535130977630615,
        "val_smoothness_pred/dataloader_idx_1": 0.04876403510570526,
        "val_smoothness_diff/dataloader_idx_1": 0.02080088108778,
        "val_diff_smoothness/dataloader_idx_1": 0.003576848655939102,
        "val_mi_original/dataloader_idx_2": 0.4641405940055847,
        "val_mi_tau/dataloader_idx_2": 0.6731722354888916,
        "val_z_original_std/dataloader_idx_2": 0.0550454817712307,
        "val_z_tau_std/dataloader_idx_2": 0.0821450799703598,
        "val_z_std_ratio/dataloader_idx_2": 0.7433558702468872,
        "val_mi_ratio/dataloader_idx_2": 0.7539803981781006,
        "val_tau_loss/dataloader_idx_2": 0.0011981093557551503
    },
    "uba_MMD_VAE_DeepSDF": {
        "val_total_loss/dataloader_idx_0": 0.000669096945784986,
        "val_tau_loss/dataloader_idx_0": 0.00028266600565984845,
        "val_sdf_loss/dataloader_idx_0": 0.0003540565667208284,
        "val_orthogonality_loss/dataloader_idx_0": 0.0,
        "val_reg_loss/dataloader_idx_0": 0.0,
        "val_mmd_loss/dataloader_idx_0": 0.02867737226188183,
        "val_mae/dataloader_idx_1": 0.00609946995973587,
        "val_rmse/dataloader_idx_1": 0.014744020067155361,
        "val_smoothness_pred/dataloader_idx_1": 0.0453111007809639,
        "val_smoothness_diff/dataloader_idx_1": 0.005884071346372366,
        "val_diff_smoothness/dataloader_idx_1": 0.00012391623749863356,
        "val_mi_original/dataloader_idx_2": 0.37737685441970825,
        "val_mi_tau/dataloader_idx_2": 0.8912630677223206,
        "val_z_original_std/dataloader_idx_2": 0.05170087516307831,
        "val_z_tau_std/dataloader_idx_2": 0.05828285217285156,
        "val_z_std_ratio/dataloader_idx_2": 0.8988643884658813,
        "val_mi_ratio/dataloader_idx_2": 0.45661529898643494,
        "val_tau_loss/dataloader_idx_2": 0.0008012425387278199
    },
    "uba_VAE": {
        "val_kl_divergence/dataloader_idx_0": 7.635895599378273e-06,
        "val_tau_loss/dataloader_idx_0": 0.15884354710578918,
        "val_reg_loss/dataloader_idx_0": 0.0,
        "val_sdf_loss/dataloader_idx_0": 0.03814850375056267,
        "val_total_loss/dataloader_idx_0": 0.05403407663106918,
        "val_mae/dataloader_idx_1": 0.10077857226133347,
        "val_rmse/dataloader_idx_1": 0.17050844430923462,
        "val_smoothness_pred/dataloader_idx_1": 0.04617874696850777,
        "val_smoothness_diff/dataloader_idx_1": 0.0483025498688221,
        "val_diff_smoothness/dataloader_idx_1": 0.0009915572591125965,
        "val_mi_original/dataloader_idx_2": 0.025138409808278084,
        "val_mi_tau/dataloader_idx_2": 0.026544969528913498,
        "val_z_original_std/dataloader_idx_2": 0.9967992305755615,
        "val_z_tau_std/dataloader_idx_2": 0.9992525577545166,
        "val_z_std_ratio/dataloader_idx_2": 0.9990893602371216,
        "val_mi_ratio/dataloader_idx_2": 14.757152557373047,
        "val_tau_loss/dataloader_idx_2": 0.05376633256673813
    },
    "uba_VAE_DeepSDF": {
        "val_kl_divergence/dataloader_idx_0": 5.170300482859602e-06,
        "val_tau_loss/dataloader_idx_0": 0.1588476002216339,
        "val_reg_loss/dataloader_idx_0": 0.0,
        "val_sdf_loss/dataloader_idx_0": 0.03724740445613861,
        "val_total_loss/dataloader_idx_0": 0.05313265696167946,
        "val_mae/dataloader_idx_1": 0.0861562117934227,
        "val_rmse/dataloader_idx_1": 0.16635942459106445,
        "val_smoothness_pred/dataloader_idx_1": 0.04104546085000038,
        "val_smoothness_diff/dataloader_idx_1": 0.03905316814780235,
        "val_diff_smoothness/dataloader_idx_1": -0.004141727928072214,
        "val_mi_original/dataloader_idx_2": 0.024578263983130455,
        "val_mi_tau/dataloader_idx_2": 0.028005585074424744,
        "val_z_original_std/dataloader_idx_2": 0.9962416291236877,
        "val_z_tau_std/dataloader_idx_2": 0.9954633116722107,
        "val_z_std_ratio/dataloader_idx_2": 1.0024927854537964,
        "val_mi_ratio/dataloader_idx_2": 15.383559226989746,
        "val_tau_loss/dataloader_idx_2": 0.05386291444301605
    }
}