{
    "uba_frst_AE_15_wMI_wT": {
        "val_reconstruction_loss": 0.00019347743364050984
    },
    "uba_frst_AE_DeepSDF_15_wMI_wT": {
        "val_reconstruction_loss": 0.00028339834534563124
    },
    "uba_frst_MMD_VAE_15_wMI_wT": {
        "val_reconstruction_loss": 0.0002348890993744135
    },
    "uba_frst_MMD_VAE_DeepSDF_15_wMI_wT": {
        "val_reconstruction_loss": 0.00021992099937051535
    },
    "uba_frst_VAE_15_wMI_wT": {
        "val_reconstruction_loss": 0.03553058207035065
    },
    "uba_frst_VAE_DeepSDF_15_wMI_wT": {
        "val_reconstruction_loss": 0.03242983669042587
    },
    "uba_frst_VAE_DeepSDF_15_wMI_wT_000001": {
        "val_reconstruction_loss": 0.0006441001314669847
    },
    "uba_frst_VAE_DeepSDF_15_wMI_wT_000005": {
        "val_reconstruction_loss": 0.0017929495079442859
    },
    "uba_frst_VAE_DeepSDF_15_wMI_wT_00001": {
        "val_reconstruction_loss": 0.0033039310947060585
    },
    "uba_frst_VAE_DeepSDF_15_wMI_wT_00005": {
        "val_reconstruction_loss": 0.00789182074368
    },
    "uba_frst_VAE_DeepSDF_15_wMI_wT_0001": {
        "val_reconstruction_loss": 0.010148788802325726
    },
    "uba_frst_VAE_DeepSDF_15_wMI_wT_0005": {
        "val_reconstruction_loss": 0.022122275084257126
    },
    "uba_frst_VAE_DeepSDF_15_wMI_wT_001": {
        "val_reconstruction_loss": 0.03242983669042587
    },
    "uba_frst_VAE_DeepSDF_15_wMI_wT_00000005": {
        "val_reconstruction_loss": 0.00015840600826777518
    },
    "uba_frst_VAE_DeepSDF_15_wMI_wT_0000001": {
        "val_reconstruction_loss": 0.00024417979875579476
    },
    "uba_frst_VAE_DeepSDF_15_wMI_wT_0000005": {
        "val_reconstruction_loss": 0.000327709480188787
    },
    "uba_frst_VAE_DeepSDF_15_wMI_wT_000000001": {
        "val_reconstruction_loss": 0.00018090115918312222
    },
    "uba_frst_VAE_DeepSDF_15_wMI_wT_000000005": {
        "val_reconstruction_loss": 0.0003056516288779676
    },
    "uba_frst_VAE_DeepSDF_15_wMI_wT_00000001": {
        "val_reconstruction_loss": 0.00026168389013037086
    },
    "uba_frst_MMD_VAE_DeepSDF_15_wMI_wT_000001": {
        "val_reconstruction_loss": 0.00018930528312921524
    },
    "uba_frst_MMD_VAE_DeepSDF_15_wMI_wT_00001": {
        "val_reconstruction_loss": 0.0001847032835939899
    },
    "uba_frst_MMD_VAE_DeepSDF_15_wMI_wT_0001": {
        "val_reconstruction_loss": 0.00018779195670504123
    },
    "uba_frst_MMD_VAE_DeepSDF_15_wMI_wT_001": {
        "val_reconstruction_loss": 0.00022886389342602342
    },
    "uba_frst_MMD_VAE_DeepSDF_15_wMI_wT_01": {
        "val_reconstruction_loss": 0.00025959647609852254
    }
}