{
    "uba_AE_DeepSDF_minMI_lr000001": {
        "val_total_loss/dataloader_idx_0": 0.0469818077981472,
        "val_tau_loss/dataloader_idx_0": 0.0058888029307127,
        "val_sdf_loss/dataloader_idx_0": 0.008688420057296753,
        "val_orthogonality_loss/dataloader_idx_0": 0.0,
        "val_reg_loss/dataloader_idx_0": 0.3770490288734436,
        "val_mae/dataloader_idx_1": 0.02791949361562729,
        "val_rmse/dataloader_idx_1": 0.07152620702981949,
        "val_smoothness_pred/dataloader_idx_1": 0.04394470900297165,
        "val_smoothness_diff/dataloader_idx_1": 0.0185294970870018,
        "val_diff_smoothness/dataloader_idx_1": -0.0005500615225173533,
        "val_mi_original/dataloader_idx_2": 0.5162990093231201,
        "val_mi_tau/dataloader_idx_2": 1.8355011940002441,
        "val_z_original_std/dataloader_idx_2": 0.03147163242101669,
        "val_z_tau_std/dataloader_idx_2": 0.12541411817073822,
        "val_z_std_ratio/dataloader_idx_2": 0.22230346500873566,
        "val_mi_ratio/dataloader_idx_2": 0.3142959177494049,
        "val_tau_loss/dataloader_idx_2": 0.03967105224728584
    },
    "uba_AE_DeepSDF_minMI_lr00001": {
        "val_total_loss/dataloader_idx_0": 0.05733860284090042,
        "val_tau_loss/dataloader_idx_0": 0.08368676900863647,
        "val_sdf_loss/dataloader_idx_0": 0.013596170581877232,
        "val_orthogonality_loss/dataloader_idx_0": 0.0,
        "val_reg_loss/dataloader_idx_0": 0.35373538732528687,
        "val_mae/dataloader_idx_1": 0.03629845380783081,
        "val_rmse/dataloader_idx_1": 0.08561720699071884,
        "val_smoothness_pred/dataloader_idx_1": 0.04451441019773483,
        "val_smoothness_diff/dataloader_idx_1": 0.022304676473140717,
        "val_diff_smoothness/dataloader_idx_1": 1.964102193596773e-05,
        "val_mi_original/dataloader_idx_2": 0.5632216334342957,
        "val_mi_tau/dataloader_idx_2": 1.8591508865356445,
        "val_z_original_std/dataloader_idx_2": 0.03385573998093605,
        "val_z_tau_std/dataloader_idx_2": 0.1625325083732605,
        "val_z_std_ratio/dataloader_idx_2": 0.19602161645889282,
        "val_mi_ratio/dataloader_idx_2": 0.3194885551929474,
        "val_tau_loss/dataloader_idx_2": 0.03799332678318024
    },
    "uba_AE_DeepSDF_minMI_lr0001": {
        "val_total_loss/dataloader_idx_0": 0.042089711874723434,
        "val_tau_loss/dataloader_idx_0": 0.05204295739531517,
        "val_sdf_loss/dataloader_idx_0": 0.016535844653844833,
        "val_orthogonality_loss/dataloader_idx_0": 0.0,
        "val_reg_loss/dataloader_idx_0": 0.2034967541694641,
        "val_mae/dataloader_idx_1": 0.04614537954330444,
        "val_rmse/dataloader_idx_1": 0.10763648897409439,
        "val_smoothness_pred/dataloader_idx_1": 0.04467671364545822,
        "val_smoothness_diff/dataloader_idx_1": 0.026747215539216995,
        "val_diff_smoothness/dataloader_idx_1": 0.00018194413860328496,
        "val_mi_original/dataloader_idx_2": 0.642199695110321,
        "val_mi_tau/dataloader_idx_2": 1.619321584701538,
        "val_z_original_std/dataloader_idx_2": 0.039925962686538696,
        "val_z_tau_std/dataloader_idx_2": 0.1154373437166214,
        "val_z_std_ratio/dataloader_idx_2": 0.3247322738170624,
        "val_mi_ratio/dataloader_idx_2": 0.406806081533432,
        "val_tau_loss/dataloader_idx_2": 0.017486028373241425
    }
}