{
    "uba_reg5em2": {
        "val_total_loss/dataloader_idx_0": -0.09414704144001007,
        "val_radius_sum_loss/dataloader_idx_0": 0.009713147766888142,
        "val_sdf_loss/dataloader_idx_0": 0.004876052960753441,
        "val_orthogonality_loss/dataloader_idx_0": -1.0,
        "val_reg_loss/dataloader_idx_0": 0.00529570784419775,
        "val_orthogonality_metric/dataloader_idx_0": 1.0,
        "val2_total_loss/dataloader_idx_1": -0.9711636304855347,
        "val2_radius_sum_loss/dataloader_idx_1": 0.0,
        "val2_sdf_loss/dataloader_idx_1": 0.028791163116693497,
        "val2_orthogonality_loss/dataloader_idx_1": -10.0,
        "val2_reg_loss/dataloader_idx_1": 0.04514021798968315,
        "val2_orthogonality_metric/dataloader_idx_1": 10.0,
        "val2_mae/dataloader_idx_1": 0.018780428916215897,
        "val2_rmse/dataloader_idx_1": 0.050704680383205414,
        "val2_smoothness_pred/dataloader_idx_1": 0.04426063597202301,
        "val2_smoothness_diff/dataloader_idx_1": 0.01367062795907259,
        "val2_diff_smoothness/dataloader_idx_1": -0.00023413893359247595,
        "val_tau_loss/dataloader_idx_2": 0.0033070805948227644,
        "val_ort_std/dataloader_idx_2": 1.2396926879882812,
        "val_orig_std/dataloader_idx_2": 0.013351666741073132,
        "val_tau_std/dataloader_idx_2": 0.010743862017989159
    },
    "uba_reg1em2": {
        "val_total_loss/dataloader_idx_0": -0.0938892588019371,
        "val_radius_sum_loss/dataloader_idx_0": 0.0041827065870165825,
        "val_sdf_loss/dataloader_idx_0": 0.0056732273660600185,
        "val_orthogonality_loss/dataloader_idx_0": -1.0,
        "val_reg_loss/dataloader_idx_0": 0.019276103004813194,
        "val_orthogonality_metric/dataloader_idx_0": 1.0,
        "val2_total_loss/dataloader_idx_1": -0.9649953842163086,
        "val2_radius_sum_loss/dataloader_idx_1": 0.0,
        "val2_sdf_loss/dataloader_idx_1": 0.034858666360378265,
        "val2_orthogonality_loss/dataloader_idx_1": -10.0,
        "val2_reg_loss/dataloader_idx_1": 0.14591334760189056,
        "val2_orthogonality_metric/dataloader_idx_1": 10.0,
        "val2_mae/dataloader_idx_1": 0.02061202935874462,
        "val2_rmse/dataloader_idx_1": 0.055005330592393875,
        "val2_smoothness_pred/dataloader_idx_1": 0.04417342320084572,
        "val2_smoothness_diff/dataloader_idx_1": 0.014998930506408215,
        "val2_diff_smoothness/dataloader_idx_1": -0.00032134674256667495,
        "val_tau_loss/dataloader_idx_2": 0.006911450065672398,
        "val_ort_std/dataloader_idx_2": 0.9419702887535095,
        "val_orig_std/dataloader_idx_2": 0.01893920823931694,
        "val_tau_std/dataloader_idx_2": 0.02023257687687874
    },
    "uba_qqMax_reg5em3": {
        "val_total_loss/dataloader_idx_0": -0.09010621160268784,
        "val_radius_sum_loss/dataloader_idx_0": 0.00972755253314972,
        "val_sdf_loss/dataloader_idx_0": 0.008906028233468533,
        "val_orthogonality_loss/dataloader_idx_0": -1.0,
        "val_reg_loss/dataloader_idx_0": 0.014951379038393497,
        "val_orthogonality_metric/dataloader_idx_0": 1.0,
        "val2_total_loss/dataloader_idx_1": -0.9437624216079712,
        "val2_radius_sum_loss/dataloader_idx_1": 0.0,
        "val2_sdf_loss/dataloader_idx_1": 0.056096386164426804,
        "val2_orthogonality_loss/dataloader_idx_1": -10.0,
        "val2_reg_loss/dataloader_idx_1": 0.14129899442195892,
        "val2_orthogonality_metric/dataloader_idx_1": 10.0,
        "val2_mae/dataloader_idx_1": 0.02635054849088192,
        "val2_rmse/dataloader_idx_1": 0.06953266263008118,
        "val2_smoothness_pred/dataloader_idx_1": 0.043499357998371124,
        "val2_smoothness_diff/dataloader_idx_1": 0.017945421859622,
        "val2_diff_smoothness/dataloader_idx_1": -0.0009954168926924467,
        "val_tau_loss/dataloader_idx_2": 0.008013238199055195,
        "val_ort_std/dataloader_idx_2": 1.3613438606262207,
        "val_orig_std/dataloader_idx_2": 0.019411519169807434,
        "val_tau_std/dataloader_idx_2": 0.015058758668601513
    },
    "uba_qqmI_F_reg5em3": {
        "val_total_loss/dataloader_idx_0": 0.0007309020147658885,
        "val_radius_sum_loss/dataloader_idx_0": 0.0017595257377251983,
        "val_sdf_loss/dataloader_idx_0": 0.00046936830040067434,
        "val_orthogonality_loss/dataloader_idx_0": 0.0004100094083696604,
        "val_reg_loss/dataloader_idx_0": 0.04457361623644829,
        "val_orthogonality_metric/dataloader_idx_0": 1.0,
        "val2_total_loss/dataloader_idx_1": 0.0036107776686549187,
        "val2_radius_sum_loss/dataloader_idx_1": 0.0,
        "val2_sdf_loss/dataloader_idx_1": 0.0031628289725631475,
        "val2_orthogonality_loss/dataloader_idx_1": 5.25266523254686e-06,
        "val2_reg_loss/dataloader_idx_1": 0.4474237263202667,
        "val2_orthogonality_metric/dataloader_idx_1": 10.0,
        "val2_mae/dataloader_idx_1": 0.006383407860994339,
        "val2_rmse/dataloader_idx_1": 0.016185548156499863,
        "val2_smoothness_pred/dataloader_idx_1": 0.04447907581925392,
        "val2_smoothness_diff/dataloader_idx_1": 0.0062148794531822205,
        "val2_diff_smoothness/dataloader_idx_1": -1.5697727576480247e-05,
        "val_tau_loss/dataloader_idx_2": 0.009197385050356388,
        "val_ort_std/dataloader_idx_2": 1.2141525745391846,
        "val_orig_std/dataloader_idx_2": 0.028874030336737633,
        "val_tau_std/dataloader_idx_2": 0.026255061849951744
    },
    "uba_NTM_F_reg5em3": {
        "val_total_loss/dataloader_idx_0": 0.01686890609562397,
        "val_radius_sum_loss/dataloader_idx_0": 0.02594817988574505,
        "val_sdf_loss/dataloader_idx_0": 0.0005707385134883225,
        "val_orthogonality_loss/dataloader_idx_0": 0.1370195597410202,
        "val_reg_loss/dataloader_idx_0": 0.0015487041091546416,
        "val_orthogonality_metric/dataloader_idx_0": 1.0,
        "val_reconstruction_reconstruction_loss/dataloader_idx_0": 0.20617353916168213,
        "val2_total_loss/dataloader_idx_1": 2.028515100479126,
        "val2_radius_sum_loss/dataloader_idx_1": 0.0,
        "val2_sdf_loss/dataloader_idx_1": 0.0036117248237133026,
        "val2_orthogonality_loss/dataloader_idx_1": 20.24889373779297,
        "val2_reg_loss/dataloader_idx_1": 0.014288688078522682,
        "val2_orthogonality_metric/dataloader_idx_1": 10.0,
        "val2_mae/dataloader_idx_1": 0.0066874646581709385,
        "val2_rmse/dataloader_idx_1": 0.01711372286081314,
        "val2_smoothness_pred/dataloader_idx_1": 0.04448244348168373,
        "val2_smoothness_diff/dataloader_idx_1": 0.006501039490103722,
        "val2_diff_smoothness/dataloader_idx_1": -1.2328918273851741e-05,
        "val_tau_loss/dataloader_idx_2": 0.009198526851832867,
        "val_ort_std/dataloader_idx_2": 2.9976072311401367,
        "val_orig_std/dataloader_idx_2": 0.009321498684585094,
        "val_tau_std/dataloader_idx_2": 0.0032128372695297003
    }
}