{
    "uba_AE_DeepSDF_minMI": {
        "val_total_loss/dataloader_idx_0": 0.16006523370742798,
        "val_tau_loss/dataloader_idx_0": 0.37381017208099365,
        "val_sdf_loss/dataloader_idx_0": 0.009136181324720383,
        "val_orthogonality_loss/dataloader_idx_0": 0.0,
        "val_reg_loss/dataloader_idx_0": 1.1354728937149048,
        "val_mae/dataloader_idx_1": 0.02888927422463894,
        "val_rmse/dataloader_idx_1": 0.07103479653596878,
        "val_smoothness_pred/dataloader_idx_1": 0.04267854988574982,
        "val_smoothness_diff/dataloader_idx_1": 0.018893344327807426,
        "val_diff_smoothness/dataloader_idx_1": -0.0018162247724831104,
        "val_mi_original/dataloader_idx_2": 0.7151339650154114,
        "val_mi_tau/dataloader_idx_2": 1.711936354637146,
        "val_z_original_std/dataloader_idx_2": 0.035718802362680435,
        "val_z_tau_std/dataloader_idx_2": 0.23798084259033203,
        "val_z_std_ratio/dataloader_idx_2": 0.14091095328330994,
        "val_mi_ratio/dataloader_idx_2": 0.42841529846191406,
        "val_tau_loss/dataloader_idx_2": 0.08380600064992905
    },
    "uba_AE_minMI": {
        "val_total_loss/dataloader_idx_0": 0.1413462609052658,
        "val_tau_loss/dataloader_idx_0": 0.0711279883980751,
        "val_sdf_loss/dataloader_idx_0": 0.010065913200378418,
        "val_orthogonality_loss/dataloader_idx_0": 0.0,
        "val_reg_loss/dataloader_idx_0": 1.2416715621948242,
        "val_mae/dataloader_idx_1": 0.042392197996377945,
        "val_rmse/dataloader_idx_1": 0.06874916702508926,
        "val_smoothness_pred/dataloader_idx_1": 0.04623844474554062,
        "val_smoothness_diff/dataloader_idx_1": 0.02613467164337635,
        "val_diff_smoothness/dataloader_idx_1": 0.0017436755588278174,
        "val_mi_original/dataloader_idx_2": 0.6636888980865479,
        "val_mi_tau/dataloader_idx_2": 1.9239165782928467,
        "val_z_original_std/dataloader_idx_2": 0.033489421010017395,
        "val_z_tau_std/dataloader_idx_2": 0.3207226097583771,
        "val_z_std_ratio/dataloader_idx_2": 0.0989086851477623,
        "val_mi_ratio/dataloader_idx_2": 0.35574185848236084,
        "val_tau_loss/dataloader_idx_2": 0.17274659872055054
    },
    "uba_MMD_VAE_DeepSDF_minMI": {
        "val_total_loss/dataloader_idx_0": 0.028461318463087082,
        "val_tau_loss/dataloader_idx_0": 0.06657565385103226,
        "val_sdf_loss/dataloader_idx_0": 0.011131182312965393,
        "val_orthogonality_loss/dataloader_idx_0": 0.0,
        "val_reg_loss/dataloader_idx_0": 0.0,
        "val_mmd_loss/dataloader_idx_0": 1.0672681331634521,
        "val_mae/dataloader_idx_1": 0.037882305681705475,
        "val_rmse/dataloader_idx_1": 0.08832868933677673,
        "val_smoothness_pred/dataloader_idx_1": 0.041947029531002045,
        "val_smoothness_diff/dataloader_idx_1": 0.023022737354040146,
        "val_diff_smoothness/dataloader_idx_1": -0.0025477372109889984,
        "val_mi_original/dataloader_idx_2": 0.6791049838066101,
        "val_mi_tau/dataloader_idx_2": 1.9070407152175903,
        "val_z_original_std/dataloader_idx_2": 0.17615695297718048,
        "val_z_tau_std/dataloader_idx_2": 0.8012608289718628,
        "val_z_std_ratio/dataloader_idx_2": 0.17493341863155365,
        "val_mi_ratio/dataloader_idx_2": 0.3664681613445282,
        "val_tau_loss/dataloader_idx_2": 0.0052580684423446655
    },
    "uba_MMD_VAE_minMI": {
        "val_total_loss/dataloader_idx_0": 0.03758886829018593,
        "val_tau_loss/dataloader_idx_0": 0.13445664942264557,
        "val_sdf_loss/dataloader_idx_0": 0.015550162643194199,
        "val_orthogonality_loss/dataloader_idx_0": 0.0,
        "val_reg_loss/dataloader_idx_0": 0.0,
        "val_mmd_loss/dataloader_idx_0": 0.8592770099639893,
        "val_mae/dataloader_idx_1": 0.05096397548913956,
        "val_rmse/dataloader_idx_1": 0.08481340110301971,
        "val_smoothness_pred/dataloader_idx_1": 0.045547351241111755,
        "val_smoothness_diff/dataloader_idx_1": 0.029845597222447395,
        "val_diff_smoothness/dataloader_idx_1": 0.0010525762336328626,
        "val_mi_original/dataloader_idx_2": 1.3609546422958374,
        "val_mi_tau/dataloader_idx_2": 2.340209484100342,
        "val_z_original_std/dataloader_idx_2": 0.29506996273994446,
        "val_z_tau_std/dataloader_idx_2": 1.0207144021987915,
        "val_z_std_ratio/dataloader_idx_2": 0.2617504596710205,
        "val_mi_ratio/dataloader_idx_2": 0.5817403197288513,
        "val_tau_loss/dataloader_idx_2": 1.1707415580749512
    },
    "uba_VAE_DeepSDF_minMI": {
        "val_total_loss/dataloader_idx_0": 0.6887704730033875,
        "val_kl_divergence/dataloader_idx_0": 6.557394504547119,
        "val_sdf_loss/dataloader_idx_0": 0.02982667274773121,
        "val_tau_loss/dataloader_idx_0": 0.0320744514465332,
        "val_orthogonality_loss/dataloader_idx_0": 0.0,
        "val_reg_loss/dataloader_idx_0": 0.0,
        "val_mae/dataloader_idx_1": 0.07479367405176163,
        "val_rmse/dataloader_idx_1": 0.14759938418865204,
        "val_smoothness_pred/dataloader_idx_1": 0.04224545881152153,
        "val_smoothness_diff/dataloader_idx_1": 0.035380855202674866,
        "val_diff_smoothness/dataloader_idx_1": -0.002249315846711397,
        "val_mi_original/dataloader_idx_2": 0.028046634048223495,
        "val_mi_tau/dataloader_idx_2": 0.6803774237632751,
        "val_z_original_std/dataloader_idx_2": 0.9956714510917664,
        "val_z_tau_std/dataloader_idx_2": 0.4505569338798523,
        "val_z_std_ratio/dataloader_idx_2": 2.27567982673645,
        "val_mi_ratio/dataloader_idx_2": 0.042994752526283264,
        "val_tau_loss/dataloader_idx_2": 0.03182803839445114
    },
    "uba_VAE_minMI": {
        "val_total_loss/dataloader_idx_0": 2.4802818298339844,
        "val_kl_divergence/dataloader_idx_0": 24.093425750732422,
        "val_sdf_loss/dataloader_idx_0": 0.06560932844877243,
        "val_tau_loss/dataloader_idx_0": 0.05335352569818497,
        "val_orthogonality_loss/dataloader_idx_0": 0.0,
        "val_reg_loss/dataloader_idx_0": 0.0,
        "val_mae/dataloader_idx_1": 0.08736489713191986,
        "val_rmse/dataloader_idx_1": 0.15446630120277405,
        "val_smoothness_pred/dataloader_idx_1": 0.04904504492878914,
        "val_smoothness_diff/dataloader_idx_1": 0.047026876360177994,
        "val_diff_smoothness/dataloader_idx_1": 0.0045502688735723495,
        "val_mi_original/dataloader_idx_2": 0.024756664410233498,
        "val_mi_tau/dataloader_idx_2": 0.6808823347091675,
        "val_z_original_std/dataloader_idx_2": 0.9967588186264038,
        "val_z_tau_std/dataloader_idx_2": 0.3937394618988037,
        "val_z_std_ratio/dataloader_idx_2": 2.6495938301086426,
        "val_mi_ratio/dataloader_idx_2": 0.03877801075577736,
        "val_tau_loss/dataloader_idx_2": 0.01800796575844288
    }
}