{
    "uba_AE_2": {
        "val_total_loss/dataloader_idx_0": 0.00390015821903944,
        "val_tau_loss/dataloader_idx_0": 0.001395146013237536,
        "val_sdf_loss/dataloader_idx_0": 0.0034299709368497133,
        "val_orthogonality_loss/dataloader_idx_0": 0.0,
        "val_reg_loss/dataloader_idx_0": 0.0033068228513002396,
        "val_mae/dataloader_idx_1": 0.02764113061130047,
        "val_rmse/dataloader_idx_1": 0.04766196757555008,
        "val_smoothness_pred/dataloader_idx_1": 0.04792123660445213,
        "val_smoothness_diff/dataloader_idx_1": 0.02165999263525009,
        "val_diff_smoothness/dataloader_idx_1": 0.0034264654386788607,
        "val_mi_original/dataloader_idx_2": 0.5197629928588867,
        "val_mi_tau/dataloader_idx_2": 0.7902114391326904,
        "val_z_original_std/dataloader_idx_2": 0.010602274909615517,
        "val_z_tau_std/dataloader_idx_2": 0.014688163995742798,
        "val_z_std_ratio/dataloader_idx_2": 0.723013699054718,
        "val_mi_ratio/dataloader_idx_2": 0.6561247110366821,
        "val_tau_loss/dataloader_idx_2": 0.005063299089670181
    },
    "uba_AE_DeepSDF_2": {
        "val_total_loss/dataloader_idx_0": 0.0037848593201488256,
        "val_tau_loss/dataloader_idx_0": 0.0014876227360218763,
        "val_sdf_loss/dataloader_idx_0": 0.003362707095220685,
        "val_orthogonality_loss/dataloader_idx_0": 0.0,
        "val_reg_loss/dataloader_idx_0": 0.002734007081016898,
        "val_mae/dataloader_idx_1": 0.0164435263723135,
        "val_rmse/dataloader_idx_1": 0.044375766068696976,
        "val_smoothness_pred/dataloader_idx_1": 0.04407230764627457,
        "val_smoothness_diff/dataloader_idx_1": 0.012186621315777302,
        "val_diff_smoothness/dataloader_idx_1": -0.0004224618023727089,
        "val_mi_original/dataloader_idx_2": 0.48204219341278076,
        "val_mi_tau/dataloader_idx_2": 0.5278464555740356,
        "val_z_original_std/dataloader_idx_2": 0.010538067668676376,
        "val_z_tau_std/dataloader_idx_2": 0.012971155345439911,
        "val_z_std_ratio/dataloader_idx_2": 0.8226659297943115,
        "val_mi_ratio/dataloader_idx_2": 0.9406564831733704,
        "val_tau_loss/dataloader_idx_2": 0.003610118990764022
    },
    "uba_MMD_VAE_2": {
        "val_total_loss/dataloader_idx_0": 0.0052907150238752365,
        "val_tau_loss/dataloader_idx_0": 0.002340012928470969,
        "val_sdf_loss/dataloader_idx_0": 0.004432965070009232,
        "val_orthogonality_loss/dataloader_idx_0": 0.0,
        "val_reg_loss/dataloader_idx_0": 0.0,
        "val_mmd_loss/dataloader_idx_0": 0.06237471476197243,
        "val_mae/dataloader_idx_1": 0.03201111778616905,
        "val_rmse/dataloader_idx_1": 0.05391819775104523,
        "val_smoothness_pred/dataloader_idx_1": 0.04756567254662514,
        "val_smoothness_diff/dataloader_idx_1": 0.022985467687249184,
        "val_diff_smoothness/dataloader_idx_1": 0.0030708969570696354,
        "val_mi_original/dataloader_idx_2": 0.5362115502357483,
        "val_mi_tau/dataloader_idx_2": 0.9945202469825745,
        "val_z_original_std/dataloader_idx_2": 0.03430035710334778,
        "val_z_tau_std/dataloader_idx_2": 0.05283806473016739,
        "val_z_std_ratio/dataloader_idx_2": 0.6012724041938782,
        "val_mi_ratio/dataloader_idx_2": 0.543984591960907,
        "val_tau_loss/dataloader_idx_2": 0.004207063466310501
    },
    "uba_MMD_VAE_DeepSDF_2": {
        "val_total_loss/dataloader_idx_0": 0.004533710423856974,
        "val_tau_loss/dataloader_idx_0": 0.001488285488449037,
        "val_sdf_loss/dataloader_idx_0": 0.004138493910431862,
        "val_orthogonality_loss/dataloader_idx_0": 0.0,
        "val_reg_loss/dataloader_idx_0": 0.0,
        "val_mmd_loss/dataloader_idx_0": 0.024638904258608818,
        "val_mae/dataloader_idx_1": 0.016946863383054733,
        "val_rmse/dataloader_idx_1": 0.046051669865846634,
        "val_smoothness_pred/dataloader_idx_1": 0.04340919852256775,
        "val_smoothness_diff/dataloader_idx_1": 0.01238828431814909,
        "val_diff_smoothness/dataloader_idx_1": -0.0010855745058506727,
        "val_mi_original/dataloader_idx_2": 0.5165272355079651,
        "val_mi_tau/dataloader_idx_2": 0.6711837649345398,
        "val_z_original_std/dataloader_idx_2": 0.03203500434756279,
        "val_z_tau_std/dataloader_idx_2": 0.0359964594244957,
        "val_z_std_ratio/dataloader_idx_2": 0.8864250779151917,
        "val_mi_ratio/dataloader_idx_2": 0.8261468410491943,
        "val_tau_loss/dataloader_idx_2": 0.005669513251632452
    },
    "uba_VAE_2": {
        "val_total_loss/dataloader_idx_0": 0.04415744170546532,
        "val_kl_divergence/dataloader_idx_0": 0.11141890287399292,
        "val_sdf_loss/dataloader_idx_0": 0.027826309204101562,
        "val_tau_loss/dataloader_idx_0": 0.05189206823706627,
        "val_orthogonality_loss/dataloader_idx_0": 0.0,
        "val_reg_loss/dataloader_idx_0": 0.0,
        "val_mae/dataloader_idx_1": 0.077084019780159,
        "val_rmse/dataloader_idx_1": 0.1457013040781021,
        "val_smoothness_pred/dataloader_idx_1": 0.09179539978504181,
        "val_smoothness_diff/dataloader_idx_1": 0.08795022964477539,
        "val_diff_smoothness/dataloader_idx_1": 0.04730061814188957,
        "val_mi_original/dataloader_idx_2": 0.024358386173844337,
        "val_mi_tau/dataloader_idx_2": 0.025551622733473778,
        "val_z_original_std/dataloader_idx_2": 0.9443952441215515,
        "val_z_tau_std/dataloader_idx_2": 0.7474814653396606,
        "val_z_std_ratio/dataloader_idx_2": 1.2657346725463867,
        "val_mi_ratio/dataloader_idx_2": Infinity,
        "val_tau_loss/dataloader_idx_2": 0.029498865827918053
    },
    "uba_VAE_DeepSDF_2": {
        "val_total_loss/dataloader_idx_0": 0.039169300347566605,
        "val_kl_divergence/dataloader_idx_0": 0.15430867671966553,
        "val_sdf_loss/dataloader_idx_0": 0.019684845581650734,
        "val_tau_loss/dataloader_idx_0": 0.04053680598735809,
        "val_orthogonality_loss/dataloader_idx_0": 0.0,
        "val_reg_loss/dataloader_idx_0": 0.0,
        "val_mae/dataloader_idx_1": 0.052756667137145996,
        "val_rmse/dataloader_idx_1": 0.11938057094812393,
        "val_smoothness_pred/dataloader_idx_1": 0.08398338407278061,
        "val_smoothness_diff/dataloader_idx_1": 0.07419223338365555,
        "val_diff_smoothness/dataloader_idx_1": 0.03948861360549927,
        "val_mi_original/dataloader_idx_2": 0.02804650366306305,
        "val_mi_tau/dataloader_idx_2": 0.029317909851670265,
        "val_z_original_std/dataloader_idx_2": 0.9945985674858093,
        "val_z_tau_std/dataloader_idx_2": 0.6001054644584656,
        "val_z_std_ratio/dataloader_idx_2": 1.6621378660202026,
        "val_mi_ratio/dataloader_idx_2": Infinity,
        "val_tau_loss/dataloader_idx_2": 0.03492050990462303
    }
}