{
    "uba_VAE_DeepSDF_minMI_lam12": {
        "val_total_loss/dataloader_idx_0": 0.7307848334312439,
        "val_kl_divergence/dataloader_idx_0": 6.990226745605469,
        "val_sdf_loss/dataloader_idx_0": 0.03021172061562538,
        "val_tau_loss/dataloader_idx_0": 0.015514135360717773,
        "val_orthogonality_loss/dataloader_idx_0": 0.0,
        "val_reg_loss/dataloader_idx_0": 0.0,
        "val_mae/dataloader_idx_1": 0.07306750118732452,
        "val_rmse/dataloader_idx_1": 0.1479162722826004,
        "val_smoothness_pred/dataloader_idx_1": 0.042522694915533066,
        "val_smoothness_diff/dataloader_idx_1": 0.035593852400779724,
        "val_diff_smoothness/dataloader_idx_1": -0.001972076715901494,
        "val_mi_original/dataloader_idx_2": 0.025372354313731194,
        "val_mi_tau/dataloader_idx_2": 0.5179798603057861,
        "val_z_original_std/dataloader_idx_2": 0.9957318902015686,
        "val_z_tau_std/dataloader_idx_2": 0.22696265578269958,
        "val_z_std_ratio/dataloader_idx_2": 4.624828338623047,
        "val_mi_ratio/dataloader_idx_2": 0.053467798978090286,
        "val_tau_loss/dataloader_idx_2": 0.0056355916894972324
    },
    "uba_VAE_DeepSDF_minMI_lam15": {
        "val_total_loss/dataloader_idx_0": 38738.375,
        "val_kl_divergence/dataloader_idx_0": 385270.8125,
        "val_sdf_loss/dataloader_idx_0": 0.03002472221851349,
        "val_tau_loss/dataloader_idx_0": 2112.7978515625,
        "val_orthogonality_loss/dataloader_idx_0": 0.0,
        "val_reg_loss/dataloader_idx_0": 0.0,
        "val_mae/dataloader_idx_1": 0.07471989095211029,
        "val_rmse/dataloader_idx_1": 0.14800384640693665,
        "val_smoothness_pred/dataloader_idx_1": 0.04218612238764763,
        "val_smoothness_diff/dataloader_idx_1": 0.03561238944530487,
        "val_diff_smoothness/dataloader_idx_1": -0.0023086501751095057,
        "val_mi_original/dataloader_idx_2": 0.02679537795484066,
        "val_mi_tau/dataloader_idx_2": 0.511955976486206,
        "val_z_original_std/dataloader_idx_2": 0.9969481825828552,
        "val_z_tau_std/dataloader_idx_2": 0.21572305262088776,
        "val_z_std_ratio/dataloader_idx_2": 4.660348415374756,
        "val_mi_ratio/dataloader_idx_2": 0.05666939169168472,
        "val_tau_loss/dataloader_idx_2": 0.004852603189647198
    },
    "uba_VAE_DeepSDF_minMI_lam20": {
        "val_total_loss/dataloader_idx_0": 20.01287269592285,
        "val_kl_divergence/dataloader_idx_0": 199.73377990722656,
        "val_sdf_loss/dataloader_idx_0": 0.029870208352804184,
        "val_tau_loss/dataloader_idx_0": 0.09434684365987778,
        "val_orthogonality_loss/dataloader_idx_0": 0.0,
        "val_reg_loss/dataloader_idx_0": 0.0,
        "val_mae/dataloader_idx_1": 0.07298315316438675,
        "val_rmse/dataloader_idx_1": 0.14642333984375,
        "val_smoothness_pred/dataloader_idx_1": 0.04107079282402992,
        "val_smoothness_diff/dataloader_idx_1": 0.033670198172330856,
        "val_diff_smoothness/dataloader_idx_1": -0.003423976944759488,
        "val_mi_original/dataloader_idx_2": 0.02625056728720665,
        "val_mi_tau/dataloader_idx_2": 0.6158202290534973,
        "val_z_original_std/dataloader_idx_2": 0.9962804317474365,
        "val_z_tau_std/dataloader_idx_2": 6.808659553527832,
        "val_z_std_ratio/dataloader_idx_2": 6.7217020988464355,
        "val_mi_ratio/dataloader_idx_2": 0.046627987176179886,
        "val_tau_loss/dataloader_idx_2": 15.373785018920898
    },
    "uba_VAE_DeepSDF_minMI_lam25": {
        "val_total_loss/dataloader_idx_0": 4107470848.0,
        "val_kl_divergence/dataloader_idx_0": 40616951808.0,
        "val_sdf_loss/dataloader_idx_0": 0.030082516372203827,
        "val_tau_loss/dataloader_idx_0": 457758432.0,
        "val_orthogonality_loss/dataloader_idx_0": 0.0,
        "val_reg_loss/dataloader_idx_0": 0.0,
        "val_mae/dataloader_idx_1": 0.07387691736221313,
        "val_rmse/dataloader_idx_1": 0.14792262017726898,
        "val_smoothness_pred/dataloader_idx_1": 0.04156516119837761,
        "val_smoothness_diff/dataloader_idx_1": 0.03482595086097717,
        "val_diff_smoothness/dataloader_idx_1": -0.0029296106658875942,
        "val_mi_original/dataloader_idx_2": 0.025341227650642395,
        "val_mi_tau/dataloader_idx_2": 0.6862928867340088,
        "val_z_original_std/dataloader_idx_2": 0.9975782036781311,
        "val_z_tau_std/dataloader_idx_2": 0.26975247263908386,
        "val_z_std_ratio/dataloader_idx_2": 3.9465787410736084,
        "val_mi_ratio/dataloader_idx_2": 0.03981960192322731,
        "val_tau_loss/dataloader_idx_2": 0.01985914260149002
    },
    "uba_VAE_DeepSDF_minMI_lam4": {
        "val_total_loss/dataloader_idx_0": 0.7364186644554138,
        "val_kl_divergence/dataloader_idx_0": 7.0040178298950195,
        "val_sdf_loss/dataloader_idx_0": 0.03307288885116577,
        "val_tau_loss/dataloader_idx_0": 0.02946951612830162,
        "val_orthogonality_loss/dataloader_idx_0": 0.0,
        "val_reg_loss/dataloader_idx_0": 0.0,
        "val_mae/dataloader_idx_1": 0.08004631847143173,
        "val_rmse/dataloader_idx_1": 0.1588352918624878,
        "val_smoothness_pred/dataloader_idx_1": 0.04163992032408714,
        "val_smoothness_diff/dataloader_idx_1": 0.0391107052564621,
        "val_diff_smoothness/dataloader_idx_1": -0.0028548510745167732,
        "val_mi_original/dataloader_idx_2": 0.02683793380856514,
        "val_mi_tau/dataloader_idx_2": 0.5693708658218384,
        "val_z_original_std/dataloader_idx_2": 0.9950469136238098,
        "val_z_tau_std/dataloader_idx_2": 0.4239075779914856,
        "val_z_std_ratio/dataloader_idx_2": 2.4940755367279053,
        "val_mi_ratio/dataloader_idx_2": 0.05004334822297096,
        "val_tau_loss/dataloader_idx_2": 0.044644907116889954
    },
    "uba_VAE_DeepSDF_minMI_lam6": {
        "val_total_loss/dataloader_idx_0": 0.7158675193786621,
        "val_kl_divergence/dataloader_idx_0": 6.816847324371338,
        "val_sdf_loss/dataloader_idx_0": 0.030134018510580063,
        "val_tau_loss/dataloader_idx_0": 0.04053817316889763,
        "val_orthogonality_loss/dataloader_idx_0": 0.0,
        "val_reg_loss/dataloader_idx_0": 0.0,
        "val_mae/dataloader_idx_1": 0.07368116080760956,
        "val_rmse/dataloader_idx_1": 0.14763633906841278,
        "val_smoothness_pred/dataloader_idx_1": 0.041516032069921494,
        "val_smoothness_diff/dataloader_idx_1": 0.03589637577533722,
        "val_diff_smoothness/dataloader_idx_1": -0.0029787386301904917,
        "val_mi_original/dataloader_idx_2": 0.025431251153349876,
        "val_mi_tau/dataloader_idx_2": 0.696969211101532,
        "val_z_original_std/dataloader_idx_2": 0.9917591214179993,
        "val_z_tau_std/dataloader_idx_2": 0.441349595785141,
        "val_z_std_ratio/dataloader_idx_2": 2.3827669620513916,
        "val_mi_ratio/dataloader_idx_2": 0.03990578651428223,
        "val_tau_loss/dataloader_idx_2": 0.041610632091760635
    }
}