{
    "uba_AE_DeepSDF_minMI_2": {
        "val_total_loss/dataloader_idx_0": 0.003155362093821168,
        "val_tau_loss/dataloader_idx_0": 0.00168327777646482,
        "val_sdf_loss/dataloader_idx_0": 0.0026361201889812946,
        "val_orthogonality_loss/dataloader_idx_0": 0.0,
        "val_reg_loss/dataloader_idx_0": 0.003509119153022766,
        "val_mae/dataloader_idx_1": 0.014777814038097858,
        "val_rmse/dataloader_idx_1": 0.039354823529720306,
        "val_smoothness_pred/dataloader_idx_1": 0.044471658766269684,
        "val_smoothness_diff/dataloader_idx_1": 0.011362196877598763,
        "val_diff_smoothness/dataloader_idx_1": -2.3108306777430698e-05,
        "val_mi_original/dataloader_idx_2": 0.49122753739356995,
        "val_mi_tau/dataloader_idx_2": 1.0078048706054688,
        "val_z_original_std/dataloader_idx_2": 0.009203496389091015,
        "val_z_tau_std/dataloader_idx_2": 0.011882283724844456,
        "val_z_std_ratio/dataloader_idx_2": 0.7670416831970215,
        "val_mi_ratio/dataloader_idx_2": 0.5087034702301025,
        "val_tau_loss/dataloader_idx_2": 0.003608082188293338
    },
    "uba_AE_minMI_2": {
        "val_total_loss/dataloader_idx_0": 0.024558210745453835,
        "val_tau_loss/dataloader_idx_0": 0.03274036571383476,
        "val_sdf_loss/dataloader_idx_0": 0.02097953110933304,
        "val_orthogonality_loss/dataloader_idx_0": 0.0,
        "val_reg_loss/dataloader_idx_0": 0.3046305477619171,
        "val_mae/dataloader_idx_1": 0.05854284018278122,
        "val_rmse/dataloader_idx_1": 0.11554200202226639,
        "val_smoothness_pred/dataloader_idx_1": 0.045744720846414566,
        "val_smoothness_diff/dataloader_idx_1": 0.03442137688398361,
        "val_diff_smoothness/dataloader_idx_1": 0.0012499489821493626,
        "val_mi_original/dataloader_idx_2": 0.6869146227836609,
        "val_mi_tau/dataloader_idx_2": 0.9121573567390442,
        "val_z_original_std/dataloader_idx_2": 0.035266194492578506,
        "val_z_tau_std/dataloader_idx_2": 0.03420128673315048,
        "val_z_std_ratio/dataloader_idx_2": 0.6488232612609863,
        "val_mi_ratio/dataloader_idx_2": 0.7330371737480164,
        "val_tau_loss/dataloader_idx_2": 0.008709948509931564
    },
    "uba_MMD_VAE_DeepSDF_minMI_2": {
        "val_total_loss/dataloader_idx_0": 0.01610647700726986,
        "val_tau_loss/dataloader_idx_0": 0.03203193470835686,
        "val_sdf_loss/dataloader_idx_0": 0.01150622870773077,
        "val_orthogonality_loss/dataloader_idx_0": 0.0,
        "val_reg_loss/dataloader_idx_0": 0.0,
        "val_mmd_loss/dataloader_idx_0": 0.13970769941806793,
        "val_mae/dataloader_idx_1": 0.03204435482621193,
        "val_rmse/dataloader_idx_1": 0.07854054123163223,
        "val_smoothness_pred/dataloader_idx_1": 0.04307635501027107,
        "val_smoothness_diff/dataloader_idx_1": 0.020962925627827644,
        "val_diff_smoothness/dataloader_idx_1": -0.0014184191823005676,
        "val_mi_original/dataloader_idx_2": 0.527173638343811,
        "val_mi_tau/dataloader_idx_2": 0.852719247341156,
        "val_z_original_std/dataloader_idx_2": 0.2208036482334137,
        "val_z_tau_std/dataloader_idx_2": 0.10061559081077576,
        "val_z_std_ratio/dataloader_idx_2": 1.0696723461151123,
        "val_mi_ratio/dataloader_idx_2": 0.6383403539657593,
        "val_tau_loss/dataloader_idx_2": 0.019382398575544357
    },
    "uba_MMD_VAE_minMI_2": {
        "val_total_loss/dataloader_idx_0": 0.028490588068962097,
        "val_tau_loss/dataloader_idx_0": 0.037543412297964096,
        "val_sdf_loss/dataloader_idx_0": 0.023644810542464256,
        "val_orthogonality_loss/dataloader_idx_0": 0.0,
        "val_reg_loss/dataloader_idx_0": 0.0,
        "val_mmd_loss/dataloader_idx_0": 0.10913868993520737,
        "val_mae/dataloader_idx_1": 0.05945692956447601,
        "val_rmse/dataloader_idx_1": 0.12000848352909088,
        "val_smoothness_pred/dataloader_idx_1": 0.045304980129003525,
        "val_smoothness_diff/dataloader_idx_1": 0.035007525235414505,
        "val_diff_smoothness/dataloader_idx_1": 0.0008102086139842868,
        "val_mi_original/dataloader_idx_2": 0.7947379946708679,
        "val_mi_tau/dataloader_idx_2": 0.7428481578826904,
        "val_z_original_std/dataloader_idx_2": 0.1507456749677658,
        "val_z_tau_std/dataloader_idx_2": 0.038362033665180206,
        "val_z_std_ratio/dataloader_idx_2": 1.6459205150604248,
        "val_mi_ratio/dataloader_idx_2": 1.0922917127609253,
        "val_tau_loss/dataloader_idx_2": 0.019501402974128723
    }
}