{
    "uba_frst_AE_DeepSDF_15_wMI_wT_0001": {
        "val_total_loss/dataloader_idx_0": 0.00036594190169125795,
        "val_tau_loss/dataloader_idx_0": 0.2938639223575592,
        "val_reg_loss/dataloader_idx_0": 0.03035207837820053,
        "val_sdf_loss/dataloader_idx_0": 0.0003355895751155913,
        "val_mae/dataloader_idx_1": 0.005795354954898357,
        "val_rmse/dataloader_idx_1": 0.014276913367211819,
        "val_smoothness_pred/dataloader_idx_1": 0.04537450894713402,
        "val_smoothness_diff/dataloader_idx_1": 0.005559379700571299,
        "val_diff_smoothness/dataloader_idx_1": 0.00018732441822066903,
        "val_mi_original/dataloader_idx_2": 0.52104252576828,
        "val_mi_tau/dataloader_idx_2": 0.5382276773452759,
        "val_z_original_std/dataloader_idx_2": 0.038223251700401306,
        "val_z_tau_std/dataloader_idx_2": 0.03462406247854233,
        "val_z_std_ratio/dataloader_idx_2": 1.1226184368133545,
        "val_mi_ratio/dataloader_idx_2": 0.9856012463569641,
        "val_tau_loss/dataloader_idx_2": 0.11568780988454819
    },
    "uba_frst_AE_DeepSDF_15_wMI_wT_0005": {
        "val_total_loss/dataloader_idx_0": 0.00043527246452867985,
        "val_tau_loss/dataloader_idx_0": 0.27343374490737915,
        "val_reg_loss/dataloader_idx_0": 0.014480657875537872,
        "val_sdf_loss/dataloader_idx_0": 0.00036286842077970505,
        "val_mae/dataloader_idx_1": 0.0059386431239545345,
        "val_rmse/dataloader_idx_1": 0.01476113311946392,
        "val_smoothness_pred/dataloader_idx_1": 0.045327767729759216,
        "val_smoothness_diff/dataloader_idx_1": 0.005692904349416494,
        "val_diff_smoothness/dataloader_idx_1": 0.00014058072702027857,
        "val_mi_original/dataloader_idx_2": 0.5452640652656555,
        "val_mi_tau/dataloader_idx_2": 0.41919395327568054,
        "val_z_original_std/dataloader_idx_2": 0.033874839544296265,
        "val_z_tau_std/dataloader_idx_2": 0.02549954503774643,
        "val_z_std_ratio/dataloader_idx_2": 1.305738091468811,
        "val_mi_ratio/dataloader_idx_2": 1.3294605016708374,
        "val_tau_loss/dataloader_idx_2": 0.133301243185997
    },
    "uba_frst_AE_DeepSDF_15_wMI_wT_001": {
        "val_total_loss/dataloader_idx_0": 0.00043149638804607093,
        "val_tau_loss/dataloader_idx_0": 0.32939639687538147,
        "val_reg_loss/dataloader_idx_0": 0.00950711965560913,
        "val_sdf_loss/dataloader_idx_0": 0.00033642351627349854,
        "val_mae/dataloader_idx_1": 0.005834969226270914,
        "val_rmse/dataloader_idx_1": 0.014519581571221352,
        "val_smoothness_pred/dataloader_idx_1": 0.04534272104501724,
        "val_smoothness_diff/dataloader_idx_1": 0.005622785538434982,
        "val_diff_smoothness/dataloader_idx_1": 0.00015553328557871282,
        "val_mi_original/dataloader_idx_2": 0.4653562605381012,
        "val_mi_tau/dataloader_idx_2": 0.42890769243240356,
        "val_z_original_std/dataloader_idx_2": 0.02888324111700058,
        "val_z_tau_std/dataloader_idx_2": 0.023054588586091995,
        "val_z_std_ratio/dataloader_idx_2": 1.2593401670455933,
        "val_mi_ratio/dataloader_idx_2": 1.1308541297912598,
        "val_tau_loss/dataloader_idx_2": 0.1125708594918251
    },
    "uba_frst_AE_DeepSDF_15_wMI_wT_005": {
        "val_total_loss/dataloader_idx_0": 0.0005036733928136528,
        "val_tau_loss/dataloader_idx_0": 0.3223956227302551,
        "val_reg_loss/dataloader_idx_0": 0.0033222564961761236,
        "val_sdf_loss/dataloader_idx_0": 0.0003375595551915467,
        "val_mae/dataloader_idx_1": 0.005904177203774452,
        "val_rmse/dataloader_idx_1": 0.014634731225669384,
        "val_smoothness_pred/dataloader_idx_1": 0.04530996456742287,
        "val_smoothness_diff/dataloader_idx_1": 0.005722553003579378,
        "val_diff_smoothness/dataloader_idx_1": 0.00012278006761334836,
        "val_mi_original/dataloader_idx_2": 0.554343044757843,
        "val_mi_tau/dataloader_idx_2": 0.5776305794715881,
        "val_z_original_std/dataloader_idx_2": 0.017474882304668427,
        "val_z_tau_std/dataloader_idx_2": 0.017570139840245247,
        "val_z_std_ratio/dataloader_idx_2": 0.9901387691497803,
        "val_mi_ratio/dataloader_idx_2": 0.9830394983291626,
        "val_tau_loss/dataloader_idx_2": 0.09637109935283661
    },
    "uba_frst_AE_DeepSDF_15_wMI_wT_01": {
        "val_total_loss/dataloader_idx_0": 0.0005510502378456295,
        "val_tau_loss/dataloader_idx_0": 0.31807905435562134,
        "val_reg_loss/dataloader_idx_0": 0.001958605367690325,
        "val_sdf_loss/dataloader_idx_0": 0.0003551898116711527,
        "val_mae/dataloader_idx_1": 0.005906113423407078,
        "val_rmse/dataloader_idx_1": 0.01481135655194521,
        "val_smoothness_pred/dataloader_idx_1": 0.04528426751494408,
        "val_smoothness_diff/dataloader_idx_1": 0.005801674444228411,
        "val_diff_smoothness/dataloader_idx_1": 9.707910066936165e-05,
        "val_mi_original/dataloader_idx_2": 0.49072903394699097,
        "val_mi_tau/dataloader_idx_2": 0.5232055187225342,
        "val_z_original_std/dataloader_idx_2": 0.014013078063726425,
        "val_z_tau_std/dataloader_idx_2": 0.012521959841251373,
        "val_z_std_ratio/dataloader_idx_2": 1.1158744096755981,
        "val_mi_ratio/dataloader_idx_2": 0.9620360732078552,
        "val_tau_loss/dataloader_idx_2": 0.09534577280282974
    }
}