{
    "uba_AE_DeepSDF_minMI_recon_dec": {
        "val_reconstruction_loss": 0.00037993633304722607
    },
    "uba_AE_minMI_recon_dec": {
        "val_reconstruction_loss": 0.0004415935545694083
    },
    "uba_MMD_VAE_DeepSDF_minMI_recon_dec": {
        "val_reconstruction_loss": 0.0003836099349427968
    },
    "uba_MMD_VAE_minMI_recon_dec": {
        "val_reconstruction_loss": 0.00039844130515120924
    },
    "uba_AE_recon_dec": {
        "val_reconstruction_loss": 0.0008314783335663378
    },
    "uba_AE_DeepSDF_recon_dec": {
        "val_reconstruction_loss": 0.00046688326983712614
    },
    "uba_MMD_VAE_recon_dec": {
        "val_reconstruction_loss": 0.0003068033547606319
    },
    "uba_MMD_VAE_DeepSDF_recon_dec": {
        "val_reconstruction_loss": 0.0003271200112067163
    },
    "uba_VAE_recon_dec": {
        "val_reconstruction_loss": 0.04372664913535118
    },
    "uba_VAE_DeepSDF_recon_dec": {
        "val_reconstruction_loss": 0.043726369738578796
    },
    "uba_VAE_DeepSDF_minMI_recon_dec": {
        "val_reconstruction_loss": 0.03068472258746624
    },
    "uba_VAE_minMI_recon_dec": {
        "val_reconstruction_loss": 0.030480574816465378
    }
}